2026-05-22 08:14:06 [ERROR] django.request: Internal Server Error: /billing/
Traceback (most recent call last):
  File "/home/luther/medwema/env/lib/python3.12/site-packages/django/template/base.py", line 883, in _resolve_lookup
    current = current[bit]
              ~~~~~~~^^^^^
TypeError: 'Bill' object is not subscriptable

During handling of the above exception, another exception occurred:

Traceback (most recent call last):
  File "/home/luther/medwema/env/lib/python3.12/site-packages/asgiref/sync.py", line 555, in thread_handler
    raise exc_info[1]
  File "/home/luther/medwema/env/lib/python3.12/site-packages/django/core/handlers/exception.py", line 42, in inner
    response = await get_response(request)
               ^^^^^^^^^^^^^^^^^^^^^^^^^^^
  File "/home/luther/medwema/env/lib/python3.12/site-packages/asgiref/sync.py", line 555, in thread_handler
    raise exc_info[1]
  File "/home/luther/medwema/env/lib/python3.12/site-packages/django/core/handlers/base.py", line 253, in _get_response_async
    response = await wrapped_callback(
               ^^^^^^^^^^^^^^^^^^^^^^^
  File "/home/luther/medwema/env/lib/python3.12/site-packages/asgiref/sync.py", line 504, in __call__
    ret = await asyncio.shield(exec_coro)
          ^^^^^^^^^^^^^^^^^^^^^^^^^^^^^^^
  File "/usr/lib/python3.12/concurrent/futures/thread.py", line 58, in run
    result = self.fn(*self.args, **self.kwargs)
             ^^^^^^^^^^^^^^^^^^^^^^^^^^^^^^^^^^
  File "/home/luther/medwema/env/lib/python3.12/site-packages/asgiref/sync.py", line 559, in thread_handler
    return func(*args, **kwargs)
           ^^^^^^^^^^^^^^^^^^^^^
  File "/home/luther/medwema/env/lib/python3.12/site-packages/django/contrib/auth/decorators.py", line 60, in _view_wrapper
    return view_func(request, *args, **kwargs)
           ^^^^^^^^^^^^^^^^^^^^^^^^^^^^^^^^^^^
  File "/home/luther/medwema/billing/views.py", line 67, in billing_dashboard
    return render(
           ^^^^^^^
  File "/home/luther/medwema/env/lib/python3.12/site-packages/django/shortcuts.py", line 25, in render
    content = loader.render_to_string(template_name, context, request, using=using)
              ^^^^^^^^^^^^^^^^^^^^^^^^^^^^^^^^^^^^^^^^^^^^^^^^^^^^^^^^^^^^^^^^^^^^^
  File "/home/luther/medwema/env/lib/python3.12/site-packages/django/template/loader.py", line 62, in render_to_string
    return template.render(context, request)
           ^^^^^^^^^^^^^^^^^^^^^^^^^^^^^^^^^
  File "/home/luther/medwema/env/lib/python3.12/site-packages/django/template/backends/django.py", line 107, in render
    return self.template.render(context)
           ^^^^^^^^^^^^^^^^^^^^^^^^^^^^^
  File "/home/luther/medwema/env/lib/python3.12/site-packages/django/template/base.py", line 171, in render
    return self._render(context)
           ^^^^^^^^^^^^^^^^^^^^^
  File "/home/luther/medwema/env/lib/python3.12/site-packages/django/template/base.py", line 163, in _render
    return self.nodelist.render(context)
           ^^^^^^^^^^^^^^^^^^^^^^^^^^^^^
  File "/home/luther/medwema/env/lib/python3.12/site-packages/django/template/base.py", line 1008, in render
    return SafeString("".join([node.render_annotated(context) for node in self]))
                               ^^^^^^^^^^^^^^^^^^^^^^^^^^^^^^
  File "/home/luther/medwema/env/lib/python3.12/site-packages/django/template/base.py", line 969, in render_annotated
    return self.render(context)
           ^^^^^^^^^^^^^^^^^^^^
  File "/home/luther/medwema/env/lib/python3.12/site-packages/django/template/loader_tags.py", line 159, in render
    return compiled_parent._render(context)
           ^^^^^^^^^^^^^^^^^^^^^^^^^^^^^^^^
  File "/home/luther/medwema/env/lib/python3.12/site-packages/django/template/base.py", line 163, in _render
    return self.nodelist.render(context)
           ^^^^^^^^^^^^^^^^^^^^^^^^^^^^^
  File "/home/luther/medwema/env/lib/python3.12/site-packages/django/template/base.py", line 1008, in render
    return SafeString("".join([node.render_annotated(context) for node in self]))
                               ^^^^^^^^^^^^^^^^^^^^^^^^^^^^^^
  File "/home/luther/medwema/env/lib/python3.12/site-packages/django/template/base.py", line 969, in render_annotated
    return self.render(context)
           ^^^^^^^^^^^^^^^^^^^^
  File "/home/luther/medwema/env/lib/python3.12/site-packages/django/template/loader_tags.py", line 65, in render
    result = block.nodelist.render(context)
             ^^^^^^^^^^^^^^^^^^^^^^^^^^^^^^
  File "/home/luther/medwema/env/lib/python3.12/site-packages/django/template/base.py", line 1008, in render
    return SafeString("".join([node.render_annotated(context) for node in self]))
                               ^^^^^^^^^^^^^^^^^^^^^^^^^^^^^^
  File "/home/luther/medwema/env/lib/python3.12/site-packages/django/template/base.py", line 969, in render_annotated
    return self.render(context)
           ^^^^^^^^^^^^^^^^^^^^
  File "/home/luther/medwema/env/lib/python3.12/site-packages/django/template/defaulttags.py", line 327, in render
    return nodelist.render(context)
           ^^^^^^^^^^^^^^^^^^^^^^^^
  File "/home/luther/medwema/env/lib/python3.12/site-packages/django/template/base.py", line 1008, in render
    return SafeString("".join([node.render_annotated(context) for node in self]))
                               ^^^^^^^^^^^^^^^^^^^^^^^^^^^^^^
  File "/home/luther/medwema/env/lib/python3.12/site-packages/django/template/base.py", line 969, in render_annotated
    return self.render(context)
           ^^^^^^^^^^^^^^^^^^^^
  File "/home/luther/medwema/env/lib/python3.12/site-packages/django/template/defaulttags.py", line 243, in render
    nodelist.append(node.render_annotated(context))
                    ^^^^^^^^^^^^^^^^^^^^^^^^^^^^^^
  File "/home/luther/medwema/env/lib/python3.12/site-packages/django/template/base.py", line 969, in render_annotated
    return self.render(context)
           ^^^^^^^^^^^^^^^^^^^^
  File "/home/luther/medwema/env/lib/python3.12/site-packages/django/template/defaulttags.py", line 320, in render
    match = condition.eval(context)
            ^^^^^^^^^^^^^^^^^^^^^^^
  File "/home/luther/medwema/env/lib/python3.12/site-packages/django/template/defaulttags.py", line 886, in eval
    return self.value.resolve(context, ignore_failures=True)
           ^^^^^^^^^^^^^^^^^^^^^^^^^^^^^^^^^^^^^^^^^^^^^^^^^
  File "/home/luther/medwema/env/lib/python3.12/site-packages/django/template/base.py", line 718, in resolve
    obj = self.var.resolve(context)
          ^^^^^^^^^^^^^^^^^^^^^^^^^
  File "/home/luther/medwema/env/lib/python3.12/site-packages/django/template/base.py", line 850, in resolve
    value = self._resolve_lookup(context)
            ^^^^^^^^^^^^^^^^^^^^^^^^^^^^^
  File "/home/luther/medwema/env/lib/python3.12/site-packages/django/template/base.py", line 893, in _resolve_lookup
    current = getattr(current, bit)
              ^^^^^^^^^^^^^^^^^^^^^
  File "/home/luther/medwema/billing/models.py", line 49, in net_amount
    return max(Decimal("0.00"), self.total_amount - self.discount)
                                ~~~~~~~~~~~~~~~~~~^~~~~~~~~~~~~~~
TypeError: unsupported operand type(s) for -: 'decimal.Decimal' and 'NoneType'
2026-05-22 08:14:06 [ERROR] django.channels.server: [35;1mHTTP GET /billing/ 500 [7.08, 127.0.0.1:48914][0m
2026-05-22 08:23:43 [ERROR] django.request: Internal Server Error: /billing/
Traceback (most recent call last):
  File "/home/luther/medwema/env/lib/python3.12/site-packages/django/template/base.py", line 883, in _resolve_lookup
    current = current[bit]
              ~~~~~~~^^^^^
TypeError: 'Bill' object is not subscriptable

During handling of the above exception, another exception occurred:

Traceback (most recent call last):
  File "/home/luther/medwema/env/lib/python3.12/site-packages/asgiref/sync.py", line 555, in thread_handler
    raise exc_info[1]
  File "/home/luther/medwema/env/lib/python3.12/site-packages/django/core/handlers/exception.py", line 42, in inner
    response = await get_response(request)
               ^^^^^^^^^^^^^^^^^^^^^^^^^^^
  File "/home/luther/medwema/env/lib/python3.12/site-packages/asgiref/sync.py", line 555, in thread_handler
    raise exc_info[1]
  File "/home/luther/medwema/env/lib/python3.12/site-packages/django/core/handlers/base.py", line 253, in _get_response_async
    response = await wrapped_callback(
               ^^^^^^^^^^^^^^^^^^^^^^^
  File "/home/luther/medwema/env/lib/python3.12/site-packages/asgiref/sync.py", line 504, in __call__
    ret = await asyncio.shield(exec_coro)
          ^^^^^^^^^^^^^^^^^^^^^^^^^^^^^^^
  File "/usr/lib/python3.12/concurrent/futures/thread.py", line 58, in run
    result = self.fn(*self.args, **self.kwargs)
             ^^^^^^^^^^^^^^^^^^^^^^^^^^^^^^^^^^
  File "/home/luther/medwema/env/lib/python3.12/site-packages/asgiref/sync.py", line 559, in thread_handler
    return func(*args, **kwargs)
           ^^^^^^^^^^^^^^^^^^^^^
  File "/home/luther/medwema/env/lib/python3.12/site-packages/django/contrib/auth/decorators.py", line 60, in _view_wrapper
    return view_func(request, *args, **kwargs)
           ^^^^^^^^^^^^^^^^^^^^^^^^^^^^^^^^^^^
  File "/home/luther/medwema/billing/views.py", line 70, in billing_dashboard
    return render(
           ^^^^^^^
  File "/home/luther/medwema/env/lib/python3.12/site-packages/django/shortcuts.py", line 25, in render
    content = loader.render_to_string(template_name, context, request, using=using)
              ^^^^^^^^^^^^^^^^^^^^^^^^^^^^^^^^^^^^^^^^^^^^^^^^^^^^^^^^^^^^^^^^^^^^^
  File "/home/luther/medwema/env/lib/python3.12/site-packages/django/template/loader.py", line 62, in render_to_string
    return template.render(context, request)
           ^^^^^^^^^^^^^^^^^^^^^^^^^^^^^^^^^
  File "/home/luther/medwema/env/lib/python3.12/site-packages/django/template/backends/django.py", line 107, in render
    return self.template.render(context)
           ^^^^^^^^^^^^^^^^^^^^^^^^^^^^^
  File "/home/luther/medwema/env/lib/python3.12/site-packages/django/template/base.py", line 171, in render
    return self._render(context)
           ^^^^^^^^^^^^^^^^^^^^^
  File "/home/luther/medwema/env/lib/python3.12/site-packages/django/template/base.py", line 163, in _render
    return self.nodelist.render(context)
           ^^^^^^^^^^^^^^^^^^^^^^^^^^^^^
  File "/home/luther/medwema/env/lib/python3.12/site-packages/django/template/base.py", line 1008, in render
    return SafeString("".join([node.render_annotated(context) for node in self]))
                               ^^^^^^^^^^^^^^^^^^^^^^^^^^^^^^
  File "/home/luther/medwema/env/lib/python3.12/site-packages/django/template/base.py", line 969, in render_annotated
    return self.render(context)
           ^^^^^^^^^^^^^^^^^^^^
  File "/home/luther/medwema/env/lib/python3.12/site-packages/django/template/loader_tags.py", line 159, in render
    return compiled_parent._render(context)
           ^^^^^^^^^^^^^^^^^^^^^^^^^^^^^^^^
  File "/home/luther/medwema/env/lib/python3.12/site-packages/django/template/base.py", line 163, in _render
    return self.nodelist.render(context)
           ^^^^^^^^^^^^^^^^^^^^^^^^^^^^^
  File "/home/luther/medwema/env/lib/python3.12/site-packages/django/template/base.py", line 1008, in render
    return SafeString("".join([node.render_annotated(context) for node in self]))
                               ^^^^^^^^^^^^^^^^^^^^^^^^^^^^^^
  File "/home/luther/medwema/env/lib/python3.12/site-packages/django/template/base.py", line 969, in render_annotated
    return self.render(context)
           ^^^^^^^^^^^^^^^^^^^^
  File "/home/luther/medwema/env/lib/python3.12/site-packages/django/template/loader_tags.py", line 65, in render
    result = block.nodelist.render(context)
             ^^^^^^^^^^^^^^^^^^^^^^^^^^^^^^
  File "/home/luther/medwema/env/lib/python3.12/site-packages/django/template/base.py", line 1008, in render
    return SafeString("".join([node.render_annotated(context) for node in self]))
                               ^^^^^^^^^^^^^^^^^^^^^^^^^^^^^^
  File "/home/luther/medwema/env/lib/python3.12/site-packages/django/template/base.py", line 969, in render_annotated
    return self.render(context)
           ^^^^^^^^^^^^^^^^^^^^
  File "/home/luther/medwema/env/lib/python3.12/site-packages/django/template/defaulttags.py", line 327, in render
    return nodelist.render(context)
           ^^^^^^^^^^^^^^^^^^^^^^^^
  File "/home/luther/medwema/env/lib/python3.12/site-packages/django/template/base.py", line 1008, in render
    return SafeString("".join([node.render_annotated(context) for node in self]))
                               ^^^^^^^^^^^^^^^^^^^^^^^^^^^^^^
  File "/home/luther/medwema/env/lib/python3.12/site-packages/django/template/base.py", line 969, in render_annotated
    return self.render(context)
           ^^^^^^^^^^^^^^^^^^^^
  File "/home/luther/medwema/env/lib/python3.12/site-packages/django/template/defaulttags.py", line 243, in render
    nodelist.append(node.render_annotated(context))
                    ^^^^^^^^^^^^^^^^^^^^^^^^^^^^^^
  File "/home/luther/medwema/env/lib/python3.12/site-packages/django/template/base.py", line 969, in render_annotated
    return self.render(context)
           ^^^^^^^^^^^^^^^^^^^^
  File "/home/luther/medwema/env/lib/python3.12/site-packages/django/template/defaulttags.py", line 320, in render
    match = condition.eval(context)
            ^^^^^^^^^^^^^^^^^^^^^^^
  File "/home/luther/medwema/env/lib/python3.12/site-packages/django/template/defaulttags.py", line 886, in eval
    return self.value.resolve(context, ignore_failures=True)
           ^^^^^^^^^^^^^^^^^^^^^^^^^^^^^^^^^^^^^^^^^^^^^^^^^
  File "/home/luther/medwema/env/lib/python3.12/site-packages/django/template/base.py", line 718, in resolve
    obj = self.var.resolve(context)
          ^^^^^^^^^^^^^^^^^^^^^^^^^
  File "/home/luther/medwema/env/lib/python3.12/site-packages/django/template/base.py", line 850, in resolve
    value = self._resolve_lookup(context)
            ^^^^^^^^^^^^^^^^^^^^^^^^^^^^^
  File "/home/luther/medwema/env/lib/python3.12/site-packages/django/template/base.py", line 893, in _resolve_lookup
    current = getattr(current, bit)
              ^^^^^^^^^^^^^^^^^^^^^
  File "/home/luther/medwema/billing/models.py", line 49, in net_amount
    return max(Decimal("0.00"), self.total_amount - self.discount)
                                ~~~~~~~~~~~~~~~~~~^~~~~~~~~~~~~~~
TypeError: unsupported operand type(s) for -: 'decimal.Decimal' and 'NoneType'
2026-05-22 08:23:43 [ERROR] django.channels.server: [35;1mHTTP GET /billing/ 500 [5.43, 127.0.0.1:46000][0m
2026-05-22 08:25:00 [ERROR] django.request: Internal Server Error: /billing/
Traceback (most recent call last):
  File "/home/luther/medwema/env/lib/python3.12/site-packages/django/template/base.py", line 883, in _resolve_lookup
    current = current[bit]
              ~~~~~~~^^^^^
TypeError: 'Bill' object is not subscriptable

During handling of the above exception, another exception occurred:

Traceback (most recent call last):
  File "/home/luther/medwema/env/lib/python3.12/site-packages/asgiref/sync.py", line 555, in thread_handler
    raise exc_info[1]
  File "/home/luther/medwema/env/lib/python3.12/site-packages/django/core/handlers/exception.py", line 42, in inner
    response = await get_response(request)
               ^^^^^^^^^^^^^^^^^^^^^^^^^^^
  File "/home/luther/medwema/env/lib/python3.12/site-packages/asgiref/sync.py", line 555, in thread_handler
    raise exc_info[1]
  File "/home/luther/medwema/env/lib/python3.12/site-packages/django/core/handlers/base.py", line 253, in _get_response_async
    response = await wrapped_callback(
               ^^^^^^^^^^^^^^^^^^^^^^^
  File "/home/luther/medwema/env/lib/python3.12/site-packages/asgiref/sync.py", line 504, in __call__
    ret = await asyncio.shield(exec_coro)
          ^^^^^^^^^^^^^^^^^^^^^^^^^^^^^^^
  File "/usr/lib/python3.12/concurrent/futures/thread.py", line 58, in run
    result = self.fn(*self.args, **self.kwargs)
             ^^^^^^^^^^^^^^^^^^^^^^^^^^^^^^^^^^
  File "/home/luther/medwema/env/lib/python3.12/site-packages/asgiref/sync.py", line 559, in thread_handler
    return func(*args, **kwargs)
           ^^^^^^^^^^^^^^^^^^^^^
  File "/home/luther/medwema/env/lib/python3.12/site-packages/django/contrib/auth/decorators.py", line 60, in _view_wrapper
    return view_func(request, *args, **kwargs)
           ^^^^^^^^^^^^^^^^^^^^^^^^^^^^^^^^^^^
  File "/home/luther/medwema/billing/views.py", line 70, in billing_dashboard
    return render(
           ^^^^^^^
  File "/home/luther/medwema/env/lib/python3.12/site-packages/django/shortcuts.py", line 25, in render
    content = loader.render_to_string(template_name, context, request, using=using)
              ^^^^^^^^^^^^^^^^^^^^^^^^^^^^^^^^^^^^^^^^^^^^^^^^^^^^^^^^^^^^^^^^^^^^^
  File "/home/luther/medwema/env/lib/python3.12/site-packages/django/template/loader.py", line 62, in render_to_string
    return template.render(context, request)
           ^^^^^^^^^^^^^^^^^^^^^^^^^^^^^^^^^
  File "/home/luther/medwema/env/lib/python3.12/site-packages/django/template/backends/django.py", line 107, in render
    return self.template.render(context)
           ^^^^^^^^^^^^^^^^^^^^^^^^^^^^^
  File "/home/luther/medwema/env/lib/python3.12/site-packages/django/template/base.py", line 171, in render
    return self._render(context)
           ^^^^^^^^^^^^^^^^^^^^^
  File "/home/luther/medwema/env/lib/python3.12/site-packages/django/template/base.py", line 163, in _render
    return self.nodelist.render(context)
           ^^^^^^^^^^^^^^^^^^^^^^^^^^^^^
  File "/home/luther/medwema/env/lib/python3.12/site-packages/django/template/base.py", line 1008, in render
    return SafeString("".join([node.render_annotated(context) for node in self]))
                               ^^^^^^^^^^^^^^^^^^^^^^^^^^^^^^
  File "/home/luther/medwema/env/lib/python3.12/site-packages/django/template/base.py", line 969, in render_annotated
    return self.render(context)
           ^^^^^^^^^^^^^^^^^^^^
  File "/home/luther/medwema/env/lib/python3.12/site-packages/django/template/loader_tags.py", line 159, in render
    return compiled_parent._render(context)
           ^^^^^^^^^^^^^^^^^^^^^^^^^^^^^^^^
  File "/home/luther/medwema/env/lib/python3.12/site-packages/django/template/base.py", line 163, in _render
    return self.nodelist.render(context)
           ^^^^^^^^^^^^^^^^^^^^^^^^^^^^^
  File "/home/luther/medwema/env/lib/python3.12/site-packages/django/template/base.py", line 1008, in render
    return SafeString("".join([node.render_annotated(context) for node in self]))
                               ^^^^^^^^^^^^^^^^^^^^^^^^^^^^^^
  File "/home/luther/medwema/env/lib/python3.12/site-packages/django/template/base.py", line 969, in render_annotated
    return self.render(context)
           ^^^^^^^^^^^^^^^^^^^^
  File "/home/luther/medwema/env/lib/python3.12/site-packages/django/template/loader_tags.py", line 65, in render
    result = block.nodelist.render(context)
             ^^^^^^^^^^^^^^^^^^^^^^^^^^^^^^
  File "/home/luther/medwema/env/lib/python3.12/site-packages/django/template/base.py", line 1008, in render
    return SafeString("".join([node.render_annotated(context) for node in self]))
                               ^^^^^^^^^^^^^^^^^^^^^^^^^^^^^^
  File "/home/luther/medwema/env/lib/python3.12/site-packages/django/template/base.py", line 969, in render_annotated
    return self.render(context)
           ^^^^^^^^^^^^^^^^^^^^
  File "/home/luther/medwema/env/lib/python3.12/site-packages/django/template/defaulttags.py", line 327, in render
    return nodelist.render(context)
           ^^^^^^^^^^^^^^^^^^^^^^^^
  File "/home/luther/medwema/env/lib/python3.12/site-packages/django/template/base.py", line 1008, in render
    return SafeString("".join([node.render_annotated(context) for node in self]))
                               ^^^^^^^^^^^^^^^^^^^^^^^^^^^^^^
  File "/home/luther/medwema/env/lib/python3.12/site-packages/django/template/base.py", line 969, in render_annotated
    return self.render(context)
           ^^^^^^^^^^^^^^^^^^^^
  File "/home/luther/medwema/env/lib/python3.12/site-packages/django/template/defaulttags.py", line 243, in render
    nodelist.append(node.render_annotated(context))
                    ^^^^^^^^^^^^^^^^^^^^^^^^^^^^^^
  File "/home/luther/medwema/env/lib/python3.12/site-packages/django/template/base.py", line 969, in render_annotated
    return self.render(context)
           ^^^^^^^^^^^^^^^^^^^^
  File "/home/luther/medwema/env/lib/python3.12/site-packages/django/template/defaulttags.py", line 320, in render
    match = condition.eval(context)
            ^^^^^^^^^^^^^^^^^^^^^^^
  File "/home/luther/medwema/env/lib/python3.12/site-packages/django/template/defaulttags.py", line 886, in eval
    return self.value.resolve(context, ignore_failures=True)
           ^^^^^^^^^^^^^^^^^^^^^^^^^^^^^^^^^^^^^^^^^^^^^^^^^
  File "/home/luther/medwema/env/lib/python3.12/site-packages/django/template/base.py", line 718, in resolve
    obj = self.var.resolve(context)
          ^^^^^^^^^^^^^^^^^^^^^^^^^
  File "/home/luther/medwema/env/lib/python3.12/site-packages/django/template/base.py", line 850, in resolve
    value = self._resolve_lookup(context)
            ^^^^^^^^^^^^^^^^^^^^^^^^^^^^^
  File "/home/luther/medwema/env/lib/python3.12/site-packages/django/template/base.py", line 893, in _resolve_lookup
    current = getattr(current, bit)
              ^^^^^^^^^^^^^^^^^^^^^
  File "/home/luther/medwema/billing/models.py", line 49, in net_amount
    return max(Decimal("0.00"), self.total_amount - self.discount)
                                ~~~~~~~~~~~~~~~~~~^~~~~~~~~~~~~~~
TypeError: unsupported operand type(s) for -: 'decimal.Decimal' and 'NoneType'
2026-05-22 08:25:00 [ERROR] django.channels.server: [35;1mHTTP GET /billing/ 500 [5.89, 127.0.0.1:46000][0m
2026-05-22 09:19:15 [ERROR] django.request: Internal Server Error: /api/schema/
Traceback (most recent call last):
  File "/home/luther/medwema/env/lib/python3.12/site-packages/asgiref/sync.py", line 555, in thread_handler
    raise exc_info[1]
  File "/home/luther/medwema/env/lib/python3.12/site-packages/django/core/handlers/exception.py", line 42, in inner
    response = await get_response(request)
               ^^^^^^^^^^^^^^^^^^^^^^^^^^^
  File "/home/luther/medwema/env/lib/python3.12/site-packages/asgiref/sync.py", line 555, in thread_handler
    raise exc_info[1]
  File "/home/luther/medwema/env/lib/python3.12/site-packages/django/core/handlers/base.py", line 253, in _get_response_async
    response = await wrapped_callback(
               ^^^^^^^^^^^^^^^^^^^^^^^
  File "/home/luther/medwema/env/lib/python3.12/site-packages/asgiref/sync.py", line 504, in __call__
    ret = await asyncio.shield(exec_coro)
          ^^^^^^^^^^^^^^^^^^^^^^^^^^^^^^^
  File "/usr/lib/python3.12/concurrent/futures/thread.py", line 58, in run
    result = self.fn(*self.args, **self.kwargs)
             ^^^^^^^^^^^^^^^^^^^^^^^^^^^^^^^^^^
  File "/home/luther/medwema/env/lib/python3.12/site-packages/asgiref/sync.py", line 559, in thread_handler
    return func(*args, **kwargs)
           ^^^^^^^^^^^^^^^^^^^^^
  File "/home/luther/medwema/env/lib/python3.12/site-packages/django/views/decorators/csrf.py", line 65, in _view_wrapper
    return view_func(request, *args, **kwargs)
           ^^^^^^^^^^^^^^^^^^^^^^^^^^^^^^^^^^^
  File "/home/luther/medwema/env/lib/python3.12/site-packages/django/views/generic/base.py", line 104, in view
    return self.dispatch(request, *args, **kwargs)
           ^^^^^^^^^^^^^^^^^^^^^^^^^^^^^^^^^^^^^^^
  File "/home/luther/medwema/env/lib/python3.12/site-packages/rest_framework/views.py", line 515, in dispatch
    response = self.handle_exception(exc)
               ^^^^^^^^^^^^^^^^^^^^^^^^^^
  File "/home/luther/medwema/env/lib/python3.12/site-packages/rest_framework/views.py", line 475, in handle_exception
    self.raise_uncaught_exception(exc)
  File "/home/luther/medwema/env/lib/python3.12/site-packages/rest_framework/views.py", line 486, in raise_uncaught_exception
    raise exc
  File "/home/luther/medwema/env/lib/python3.12/site-packages/rest_framework/views.py", line 512, in dispatch
    response = handler(request, *args, **kwargs)
               ^^^^^^^^^^^^^^^^^^^^^^^^^^^^^^^^^
  File "/home/luther/medwema/env/lib/python3.12/site-packages/drf_spectacular/views.py", line 84, in get
    return self._get_schema_response(request)
           ^^^^^^^^^^^^^^^^^^^^^^^^^^^^^^^^^^
  File "/home/luther/medwema/env/lib/python3.12/site-packages/drf_spectacular/views.py", line 92, in _get_schema_response
    data=generator.get_schema(request=request, public=self.serve_public),
         ^^^^^^^^^^^^^^^^^^^^^^^^^^^^^^^^^^^^^^^^^^^^^^^^^^^^^^^^^^^^^^^
  File "/home/luther/medwema/env/lib/python3.12/site-packages/drf_spectacular/generators.py", line 287, in get_schema
    paths=self.parse(request, public),
          ^^^^^^^^^^^^^^^^^^^^^^^^^^^
  File "/home/luther/medwema/env/lib/python3.12/site-packages/drf_spectacular/generators.py", line 258, in parse
    operation = view.schema.get_operation(
                ^^^^^^^^^^^^^^^^^^^^^^^^^^
  File "/home/luther/medwema/env/lib/python3.12/site-packages/drf_spectacular/openapi.py", line 93, in get_operation
    parameters = self._get_parameters()
                 ^^^^^^^^^^^^^^^^^^^^^^
  File "/home/luther/medwema/env/lib/python3.12/site-packages/drf_spectacular/openapi.py", line 265, in _get_parameters
    **dict_helper(self._get_filter_parameters()),
                  ^^^^^^^^^^^^^^^^^^^^^^^^^^^^^
  File "/home/luther/medwema/env/lib/python3.12/site-packages/drf_spectacular/openapi.py", line 556, in _get_filter_parameters
    parameters += filter_extension.get_schema_operation_parameters(self)
                  ^^^^^^^^^^^^^^^^^^^^^^^^^^^^^^^^^^^^^^^^^^^^^^^^^^^^^^
  File "/home/luther/medwema/env/lib/python3.12/site-packages/drf_spectacular/contrib/django_filters.py", line 65, in get_schema_operation_parameters
    result += self.resolve_filter_field(
              ^^^^^^^^^^^^^^^^^^^^^^^^^^
  File "/home/luther/medwema/env/lib/python3.12/site-packages/drf_spectacular/contrib/django_filters.py", line 90, in resolve_filter_field
    filter_choices = self._get_explicit_filter_choices(filter_field)
                     ^^^^^^^^^^^^^^^^^^^^^^^^^^^^^^^^^^^^^^^^^^^^^^^
  File "/home/luther/medwema/env/lib/python3.12/site-packages/drf_spectacular/contrib/django_filters.py", line 233, in _get_explicit_filter_choices
    if filter_field.field.null_label:
       ^^^^^^^^^^^^^^^^^^
  File "/home/luther/medwema/env/lib/python3.12/site-packages/django_filters/filters.py", line 149, in field
    self._field = self.field_class(label=self.label, **field_kwargs)
                  ^^^^^^^^^^^^^^^^^^^^^^^^^^^^^^^^^^^^^^^^^^^^^^^^^^
  File "/home/luther/medwema/env/lib/python3.12/site-packages/django_filters/fields.py", line 278, in __init__
    super().__init__(*args, **kwargs)
  File "/home/luther/medwema/env/lib/python3.12/site-packages/django_filters/fields.py", line 258, in __init__
    super().__init__(*args, **kwargs)
  File "/home/luther/medwema/env/lib/python3.12/site-packages/django/forms/fields.py", line 888, in __init__
    self.choices = choices
    ^^^^^^^^^^^^
  File "/home/luther/medwema/env/lib/python3.12/site-packages/django_filters/fields.py", line 264, in _set_choices
    super()._set_choices(value)
    ^^^^^^^^^^^^^^^^^^^^
AttributeError: 'super' object has no attribute '_set_choices'
2026-05-22 09:19:15 [ERROR] django.channels.server: [35;1mHTTP GET /api/schema/ 500 [5.35, 127.0.0.1:45214][0m
2026-05-22 09:19:19 [ERROR] django.request: Internal Server Error: /api/schema/
Traceback (most recent call last):
  File "/home/luther/medwema/env/lib/python3.12/site-packages/asgiref/sync.py", line 555, in thread_handler
    raise exc_info[1]
  File "/home/luther/medwema/env/lib/python3.12/site-packages/django/core/handlers/exception.py", line 42, in inner
    response = await get_response(request)
               ^^^^^^^^^^^^^^^^^^^^^^^^^^^
  File "/home/luther/medwema/env/lib/python3.12/site-packages/asgiref/sync.py", line 555, in thread_handler
    raise exc_info[1]
  File "/home/luther/medwema/env/lib/python3.12/site-packages/django/core/handlers/base.py", line 253, in _get_response_async
    response = await wrapped_callback(
               ^^^^^^^^^^^^^^^^^^^^^^^
  File "/home/luther/medwema/env/lib/python3.12/site-packages/asgiref/sync.py", line 504, in __call__
    ret = await asyncio.shield(exec_coro)
          ^^^^^^^^^^^^^^^^^^^^^^^^^^^^^^^
  File "/usr/lib/python3.12/concurrent/futures/thread.py", line 58, in run
    result = self.fn(*self.args, **self.kwargs)
             ^^^^^^^^^^^^^^^^^^^^^^^^^^^^^^^^^^
  File "/home/luther/medwema/env/lib/python3.12/site-packages/asgiref/sync.py", line 559, in thread_handler
    return func(*args, **kwargs)
           ^^^^^^^^^^^^^^^^^^^^^
  File "/home/luther/medwema/env/lib/python3.12/site-packages/django/views/decorators/csrf.py", line 65, in _view_wrapper
    return view_func(request, *args, **kwargs)
           ^^^^^^^^^^^^^^^^^^^^^^^^^^^^^^^^^^^
  File "/home/luther/medwema/env/lib/python3.12/site-packages/django/views/generic/base.py", line 104, in view
    return self.dispatch(request, *args, **kwargs)
           ^^^^^^^^^^^^^^^^^^^^^^^^^^^^^^^^^^^^^^^
  File "/home/luther/medwema/env/lib/python3.12/site-packages/rest_framework/views.py", line 515, in dispatch
    response = self.handle_exception(exc)
               ^^^^^^^^^^^^^^^^^^^^^^^^^^
  File "/home/luther/medwema/env/lib/python3.12/site-packages/rest_framework/views.py", line 475, in handle_exception
    self.raise_uncaught_exception(exc)
  File "/home/luther/medwema/env/lib/python3.12/site-packages/rest_framework/views.py", line 486, in raise_uncaught_exception
    raise exc
  File "/home/luther/medwema/env/lib/python3.12/site-packages/rest_framework/views.py", line 512, in dispatch
    response = handler(request, *args, **kwargs)
               ^^^^^^^^^^^^^^^^^^^^^^^^^^^^^^^^^
  File "/home/luther/medwema/env/lib/python3.12/site-packages/drf_spectacular/views.py", line 84, in get
    return self._get_schema_response(request)
           ^^^^^^^^^^^^^^^^^^^^^^^^^^^^^^^^^^
  File "/home/luther/medwema/env/lib/python3.12/site-packages/drf_spectacular/views.py", line 92, in _get_schema_response
    data=generator.get_schema(request=request, public=self.serve_public),
         ^^^^^^^^^^^^^^^^^^^^^^^^^^^^^^^^^^^^^^^^^^^^^^^^^^^^^^^^^^^^^^^
  File "/home/luther/medwema/env/lib/python3.12/site-packages/drf_spectacular/generators.py", line 287, in get_schema
    paths=self.parse(request, public),
          ^^^^^^^^^^^^^^^^^^^^^^^^^^^
  File "/home/luther/medwema/env/lib/python3.12/site-packages/drf_spectacular/generators.py", line 258, in parse
    operation = view.schema.get_operation(
                ^^^^^^^^^^^^^^^^^^^^^^^^^^
  File "/home/luther/medwema/env/lib/python3.12/site-packages/drf_spectacular/openapi.py", line 93, in get_operation
    parameters = self._get_parameters()
                 ^^^^^^^^^^^^^^^^^^^^^^
  File "/home/luther/medwema/env/lib/python3.12/site-packages/drf_spectacular/openapi.py", line 265, in _get_parameters
    **dict_helper(self._get_filter_parameters()),
                  ^^^^^^^^^^^^^^^^^^^^^^^^^^^^^
  File "/home/luther/medwema/env/lib/python3.12/site-packages/drf_spectacular/openapi.py", line 556, in _get_filter_parameters
    parameters += filter_extension.get_schema_operation_parameters(self)
                  ^^^^^^^^^^^^^^^^^^^^^^^^^^^^^^^^^^^^^^^^^^^^^^^^^^^^^^
  File "/home/luther/medwema/env/lib/python3.12/site-packages/drf_spectacular/contrib/django_filters.py", line 65, in get_schema_operation_parameters
    result += self.resolve_filter_field(
              ^^^^^^^^^^^^^^^^^^^^^^^^^^
  File "/home/luther/medwema/env/lib/python3.12/site-packages/drf_spectacular/contrib/django_filters.py", line 90, in resolve_filter_field
    filter_choices = self._get_explicit_filter_choices(filter_field)
                     ^^^^^^^^^^^^^^^^^^^^^^^^^^^^^^^^^^^^^^^^^^^^^^^
  File "/home/luther/medwema/env/lib/python3.12/site-packages/drf_spectacular/contrib/django_filters.py", line 233, in _get_explicit_filter_choices
    if filter_field.field.null_label:
       ^^^^^^^^^^^^^^^^^^
  File "/home/luther/medwema/env/lib/python3.12/site-packages/django_filters/filters.py", line 149, in field
    self._field = self.field_class(label=self.label, **field_kwargs)
                  ^^^^^^^^^^^^^^^^^^^^^^^^^^^^^^^^^^^^^^^^^^^^^^^^^^
  File "/home/luther/medwema/env/lib/python3.12/site-packages/django_filters/fields.py", line 278, in __init__
    super().__init__(*args, **kwargs)
  File "/home/luther/medwema/env/lib/python3.12/site-packages/django_filters/fields.py", line 258, in __init__
    super().__init__(*args, **kwargs)
  File "/home/luther/medwema/env/lib/python3.12/site-packages/django/forms/fields.py", line 888, in __init__
    self.choices = choices
    ^^^^^^^^^^^^
  File "/home/luther/medwema/env/lib/python3.12/site-packages/django_filters/fields.py", line 264, in _set_choices
    super()._set_choices(value)
    ^^^^^^^^^^^^^^^^^^^^
AttributeError: 'super' object has no attribute '_set_choices'
2026-05-22 09:19:19 [ERROR] django.channels.server: [35;1mHTTP GET /api/schema/ 500 [3.29, 127.0.0.1:45214][0m
2026-05-22 09:19:27 [ERROR] django.request: Internal Server Error: /api/schema/
Traceback (most recent call last):
  File "/home/luther/medwema/env/lib/python3.12/site-packages/asgiref/sync.py", line 555, in thread_handler
    raise exc_info[1]
  File "/home/luther/medwema/env/lib/python3.12/site-packages/django/core/handlers/exception.py", line 42, in inner
    response = await get_response(request)
               ^^^^^^^^^^^^^^^^^^^^^^^^^^^
  File "/home/luther/medwema/env/lib/python3.12/site-packages/asgiref/sync.py", line 555, in thread_handler
    raise exc_info[1]
  File "/home/luther/medwema/env/lib/python3.12/site-packages/django/core/handlers/base.py", line 253, in _get_response_async
    response = await wrapped_callback(
               ^^^^^^^^^^^^^^^^^^^^^^^
  File "/home/luther/medwema/env/lib/python3.12/site-packages/asgiref/sync.py", line 504, in __call__
    ret = await asyncio.shield(exec_coro)
          ^^^^^^^^^^^^^^^^^^^^^^^^^^^^^^^
  File "/usr/lib/python3.12/concurrent/futures/thread.py", line 58, in run
    result = self.fn(*self.args, **self.kwargs)
             ^^^^^^^^^^^^^^^^^^^^^^^^^^^^^^^^^^
  File "/home/luther/medwema/env/lib/python3.12/site-packages/asgiref/sync.py", line 559, in thread_handler
    return func(*args, **kwargs)
           ^^^^^^^^^^^^^^^^^^^^^
  File "/home/luther/medwema/env/lib/python3.12/site-packages/django/views/decorators/csrf.py", line 65, in _view_wrapper
    return view_func(request, *args, **kwargs)
           ^^^^^^^^^^^^^^^^^^^^^^^^^^^^^^^^^^^
  File "/home/luther/medwema/env/lib/python3.12/site-packages/django/views/generic/base.py", line 104, in view
    return self.dispatch(request, *args, **kwargs)
           ^^^^^^^^^^^^^^^^^^^^^^^^^^^^^^^^^^^^^^^
  File "/home/luther/medwema/env/lib/python3.12/site-packages/rest_framework/views.py", line 515, in dispatch
    response = self.handle_exception(exc)
               ^^^^^^^^^^^^^^^^^^^^^^^^^^
  File "/home/luther/medwema/env/lib/python3.12/site-packages/rest_framework/views.py", line 475, in handle_exception
    self.raise_uncaught_exception(exc)
  File "/home/luther/medwema/env/lib/python3.12/site-packages/rest_framework/views.py", line 486, in raise_uncaught_exception
    raise exc
  File "/home/luther/medwema/env/lib/python3.12/site-packages/rest_framework/views.py", line 512, in dispatch
    response = handler(request, *args, **kwargs)
               ^^^^^^^^^^^^^^^^^^^^^^^^^^^^^^^^^
  File "/home/luther/medwema/env/lib/python3.12/site-packages/drf_spectacular/views.py", line 84, in get
    return self._get_schema_response(request)
           ^^^^^^^^^^^^^^^^^^^^^^^^^^^^^^^^^^
  File "/home/luther/medwema/env/lib/python3.12/site-packages/drf_spectacular/views.py", line 92, in _get_schema_response
    data=generator.get_schema(request=request, public=self.serve_public),
         ^^^^^^^^^^^^^^^^^^^^^^^^^^^^^^^^^^^^^^^^^^^^^^^^^^^^^^^^^^^^^^^
  File "/home/luther/medwema/env/lib/python3.12/site-packages/drf_spectacular/generators.py", line 287, in get_schema
    paths=self.parse(request, public),
          ^^^^^^^^^^^^^^^^^^^^^^^^^^^
  File "/home/luther/medwema/env/lib/python3.12/site-packages/drf_spectacular/generators.py", line 258, in parse
    operation = view.schema.get_operation(
                ^^^^^^^^^^^^^^^^^^^^^^^^^^
  File "/home/luther/medwema/env/lib/python3.12/site-packages/drf_spectacular/openapi.py", line 93, in get_operation
    parameters = self._get_parameters()
                 ^^^^^^^^^^^^^^^^^^^^^^
  File "/home/luther/medwema/env/lib/python3.12/site-packages/drf_spectacular/openapi.py", line 265, in _get_parameters
    **dict_helper(self._get_filter_parameters()),
                  ^^^^^^^^^^^^^^^^^^^^^^^^^^^^^
  File "/home/luther/medwema/env/lib/python3.12/site-packages/drf_spectacular/openapi.py", line 556, in _get_filter_parameters
    parameters += filter_extension.get_schema_operation_parameters(self)
                  ^^^^^^^^^^^^^^^^^^^^^^^^^^^^^^^^^^^^^^^^^^^^^^^^^^^^^^
  File "/home/luther/medwema/env/lib/python3.12/site-packages/drf_spectacular/contrib/django_filters.py", line 65, in get_schema_operation_parameters
    result += self.resolve_filter_field(
              ^^^^^^^^^^^^^^^^^^^^^^^^^^
  File "/home/luther/medwema/env/lib/python3.12/site-packages/drf_spectacular/contrib/django_filters.py", line 90, in resolve_filter_field
    filter_choices = self._get_explicit_filter_choices(filter_field)
                     ^^^^^^^^^^^^^^^^^^^^^^^^^^^^^^^^^^^^^^^^^^^^^^^
  File "/home/luther/medwema/env/lib/python3.12/site-packages/drf_spectacular/contrib/django_filters.py", line 233, in _get_explicit_filter_choices
    if filter_field.field.null_label:
       ^^^^^^^^^^^^^^^^^^
  File "/home/luther/medwema/env/lib/python3.12/site-packages/django_filters/filters.py", line 149, in field
    self._field = self.field_class(label=self.label, **field_kwargs)
                  ^^^^^^^^^^^^^^^^^^^^^^^^^^^^^^^^^^^^^^^^^^^^^^^^^^
  File "/home/luther/medwema/env/lib/python3.12/site-packages/django_filters/fields.py", line 278, in __init__
    super().__init__(*args, **kwargs)
  File "/home/luther/medwema/env/lib/python3.12/site-packages/django_filters/fields.py", line 258, in __init__
    super().__init__(*args, **kwargs)
  File "/home/luther/medwema/env/lib/python3.12/site-packages/django/forms/fields.py", line 888, in __init__
    self.choices = choices
    ^^^^^^^^^^^^
  File "/home/luther/medwema/env/lib/python3.12/site-packages/django_filters/fields.py", line 264, in _set_choices
    super()._set_choices(value)
    ^^^^^^^^^^^^^^^^^^^^
AttributeError: 'super' object has no attribute '_set_choices'
2026-05-22 09:19:27 [ERROR] django.channels.server: [35;1mHTTP GET /api/schema/ 500 [5.32, 127.0.0.1:45214][0m
2026-05-22 09:19:59 [ERROR] django.request: Internal Server Error: /api/schema/
Traceback (most recent call last):
  File "/home/luther/medwema/env/lib/python3.12/site-packages/asgiref/sync.py", line 555, in thread_handler
    raise exc_info[1]
  File "/home/luther/medwema/env/lib/python3.12/site-packages/django/core/handlers/exception.py", line 42, in inner
    response = await get_response(request)
               ^^^^^^^^^^^^^^^^^^^^^^^^^^^
  File "/home/luther/medwema/env/lib/python3.12/site-packages/asgiref/sync.py", line 555, in thread_handler
    raise exc_info[1]
  File "/home/luther/medwema/env/lib/python3.12/site-packages/django/core/handlers/base.py", line 253, in _get_response_async
    response = await wrapped_callback(
               ^^^^^^^^^^^^^^^^^^^^^^^
  File "/home/luther/medwema/env/lib/python3.12/site-packages/asgiref/sync.py", line 504, in __call__
    ret = await asyncio.shield(exec_coro)
          ^^^^^^^^^^^^^^^^^^^^^^^^^^^^^^^
  File "/usr/lib/python3.12/concurrent/futures/thread.py", line 58, in run
    result = self.fn(*self.args, **self.kwargs)
             ^^^^^^^^^^^^^^^^^^^^^^^^^^^^^^^^^^
  File "/home/luther/medwema/env/lib/python3.12/site-packages/asgiref/sync.py", line 559, in thread_handler
    return func(*args, **kwargs)
           ^^^^^^^^^^^^^^^^^^^^^
  File "/home/luther/medwema/env/lib/python3.12/site-packages/django/views/decorators/csrf.py", line 65, in _view_wrapper
    return view_func(request, *args, **kwargs)
           ^^^^^^^^^^^^^^^^^^^^^^^^^^^^^^^^^^^
  File "/home/luther/medwema/env/lib/python3.12/site-packages/django/views/generic/base.py", line 104, in view
    return self.dispatch(request, *args, **kwargs)
           ^^^^^^^^^^^^^^^^^^^^^^^^^^^^^^^^^^^^^^^
  File "/home/luther/medwema/env/lib/python3.12/site-packages/rest_framework/views.py", line 515, in dispatch
    response = self.handle_exception(exc)
               ^^^^^^^^^^^^^^^^^^^^^^^^^^
  File "/home/luther/medwema/env/lib/python3.12/site-packages/rest_framework/views.py", line 475, in handle_exception
    self.raise_uncaught_exception(exc)
  File "/home/luther/medwema/env/lib/python3.12/site-packages/rest_framework/views.py", line 486, in raise_uncaught_exception
    raise exc
  File "/home/luther/medwema/env/lib/python3.12/site-packages/rest_framework/views.py", line 512, in dispatch
    response = handler(request, *args, **kwargs)
               ^^^^^^^^^^^^^^^^^^^^^^^^^^^^^^^^^
  File "/home/luther/medwema/env/lib/python3.12/site-packages/drf_spectacular/views.py", line 84, in get
    return self._get_schema_response(request)
           ^^^^^^^^^^^^^^^^^^^^^^^^^^^^^^^^^^
  File "/home/luther/medwema/env/lib/python3.12/site-packages/drf_spectacular/views.py", line 92, in _get_schema_response
    data=generator.get_schema(request=request, public=self.serve_public),
         ^^^^^^^^^^^^^^^^^^^^^^^^^^^^^^^^^^^^^^^^^^^^^^^^^^^^^^^^^^^^^^^
  File "/home/luther/medwema/env/lib/python3.12/site-packages/drf_spectacular/generators.py", line 287, in get_schema
    paths=self.parse(request, public),
          ^^^^^^^^^^^^^^^^^^^^^^^^^^^
  File "/home/luther/medwema/env/lib/python3.12/site-packages/drf_spectacular/generators.py", line 258, in parse
    operation = view.schema.get_operation(
                ^^^^^^^^^^^^^^^^^^^^^^^^^^
  File "/home/luther/medwema/env/lib/python3.12/site-packages/drf_spectacular/openapi.py", line 93, in get_operation
    parameters = self._get_parameters()
                 ^^^^^^^^^^^^^^^^^^^^^^
  File "/home/luther/medwema/env/lib/python3.12/site-packages/drf_spectacular/openapi.py", line 265, in _get_parameters
    **dict_helper(self._get_filter_parameters()),
                  ^^^^^^^^^^^^^^^^^^^^^^^^^^^^^
  File "/home/luther/medwema/env/lib/python3.12/site-packages/drf_spectacular/openapi.py", line 556, in _get_filter_parameters
    parameters += filter_extension.get_schema_operation_parameters(self)
                  ^^^^^^^^^^^^^^^^^^^^^^^^^^^^^^^^^^^^^^^^^^^^^^^^^^^^^^
  File "/home/luther/medwema/env/lib/python3.12/site-packages/drf_spectacular/contrib/django_filters.py", line 65, in get_schema_operation_parameters
    result += self.resolve_filter_field(
              ^^^^^^^^^^^^^^^^^^^^^^^^^^
  File "/home/luther/medwema/env/lib/python3.12/site-packages/drf_spectacular/contrib/django_filters.py", line 90, in resolve_filter_field
    filter_choices = self._get_explicit_filter_choices(filter_field)
                     ^^^^^^^^^^^^^^^^^^^^^^^^^^^^^^^^^^^^^^^^^^^^^^^
  File "/home/luther/medwema/env/lib/python3.12/site-packages/drf_spectacular/contrib/django_filters.py", line 233, in _get_explicit_filter_choices
    if filter_field.field.null_label:
       ^^^^^^^^^^^^^^^^^^
  File "/home/luther/medwema/env/lib/python3.12/site-packages/django_filters/filters.py", line 149, in field
    self._field = self.field_class(label=self.label, **field_kwargs)
                  ^^^^^^^^^^^^^^^^^^^^^^^^^^^^^^^^^^^^^^^^^^^^^^^^^^
  File "/home/luther/medwema/env/lib/python3.12/site-packages/django_filters/fields.py", line 278, in __init__
    super().__init__(*args, **kwargs)
  File "/home/luther/medwema/env/lib/python3.12/site-packages/django_filters/fields.py", line 258, in __init__
    super().__init__(*args, **kwargs)
  File "/home/luther/medwema/env/lib/python3.12/site-packages/django/forms/fields.py", line 888, in __init__
    self.choices = choices
    ^^^^^^^^^^^^
  File "/home/luther/medwema/env/lib/python3.12/site-packages/django_filters/fields.py", line 264, in _set_choices
    super()._set_choices(value)
    ^^^^^^^^^^^^^^^^^^^^
AttributeError: 'super' object has no attribute '_set_choices'
2026-05-22 09:19:59 [ERROR] django.channels.server: [35;1mHTTP GET /api/schema/ 500 [5.36, 127.0.0.1:45214][0m
2026-05-22 09:20:03 [ERROR] django.request: Internal Server Error: /api/schema/
Traceback (most recent call last):
  File "/home/luther/medwema/env/lib/python3.12/site-packages/asgiref/sync.py", line 555, in thread_handler
    raise exc_info[1]
  File "/home/luther/medwema/env/lib/python3.12/site-packages/django/core/handlers/exception.py", line 42, in inner
    response = await get_response(request)
               ^^^^^^^^^^^^^^^^^^^^^^^^^^^
  File "/home/luther/medwema/env/lib/python3.12/site-packages/asgiref/sync.py", line 555, in thread_handler
    raise exc_info[1]
  File "/home/luther/medwema/env/lib/python3.12/site-packages/django/core/handlers/base.py", line 253, in _get_response_async
    response = await wrapped_callback(
               ^^^^^^^^^^^^^^^^^^^^^^^
  File "/home/luther/medwema/env/lib/python3.12/site-packages/asgiref/sync.py", line 504, in __call__
    ret = await asyncio.shield(exec_coro)
          ^^^^^^^^^^^^^^^^^^^^^^^^^^^^^^^
  File "/usr/lib/python3.12/concurrent/futures/thread.py", line 58, in run
    result = self.fn(*self.args, **self.kwargs)
             ^^^^^^^^^^^^^^^^^^^^^^^^^^^^^^^^^^
  File "/home/luther/medwema/env/lib/python3.12/site-packages/asgiref/sync.py", line 559, in thread_handler
    return func(*args, **kwargs)
           ^^^^^^^^^^^^^^^^^^^^^
  File "/home/luther/medwema/env/lib/python3.12/site-packages/django/views/decorators/csrf.py", line 65, in _view_wrapper
    return view_func(request, *args, **kwargs)
           ^^^^^^^^^^^^^^^^^^^^^^^^^^^^^^^^^^^
  File "/home/luther/medwema/env/lib/python3.12/site-packages/django/views/generic/base.py", line 104, in view
    return self.dispatch(request, *args, **kwargs)
           ^^^^^^^^^^^^^^^^^^^^^^^^^^^^^^^^^^^^^^^
  File "/home/luther/medwema/env/lib/python3.12/site-packages/rest_framework/views.py", line 515, in dispatch
    response = self.handle_exception(exc)
               ^^^^^^^^^^^^^^^^^^^^^^^^^^
  File "/home/luther/medwema/env/lib/python3.12/site-packages/rest_framework/views.py", line 475, in handle_exception
    self.raise_uncaught_exception(exc)
  File "/home/luther/medwema/env/lib/python3.12/site-packages/rest_framework/views.py", line 486, in raise_uncaught_exception
    raise exc
  File "/home/luther/medwema/env/lib/python3.12/site-packages/rest_framework/views.py", line 512, in dispatch
    response = handler(request, *args, **kwargs)
               ^^^^^^^^^^^^^^^^^^^^^^^^^^^^^^^^^
  File "/home/luther/medwema/env/lib/python3.12/site-packages/drf_spectacular/views.py", line 84, in get
    return self._get_schema_response(request)
           ^^^^^^^^^^^^^^^^^^^^^^^^^^^^^^^^^^
  File "/home/luther/medwema/env/lib/python3.12/site-packages/drf_spectacular/views.py", line 92, in _get_schema_response
    data=generator.get_schema(request=request, public=self.serve_public),
         ^^^^^^^^^^^^^^^^^^^^^^^^^^^^^^^^^^^^^^^^^^^^^^^^^^^^^^^^^^^^^^^
  File "/home/luther/medwema/env/lib/python3.12/site-packages/drf_spectacular/generators.py", line 287, in get_schema
    paths=self.parse(request, public),
          ^^^^^^^^^^^^^^^^^^^^^^^^^^^
  File "/home/luther/medwema/env/lib/python3.12/site-packages/drf_spectacular/generators.py", line 258, in parse
    operation = view.schema.get_operation(
                ^^^^^^^^^^^^^^^^^^^^^^^^^^
  File "/home/luther/medwema/env/lib/python3.12/site-packages/drf_spectacular/openapi.py", line 93, in get_operation
    parameters = self._get_parameters()
                 ^^^^^^^^^^^^^^^^^^^^^^
  File "/home/luther/medwema/env/lib/python3.12/site-packages/drf_spectacular/openapi.py", line 265, in _get_parameters
    **dict_helper(self._get_filter_parameters()),
                  ^^^^^^^^^^^^^^^^^^^^^^^^^^^^^
  File "/home/luther/medwema/env/lib/python3.12/site-packages/drf_spectacular/openapi.py", line 556, in _get_filter_parameters
    parameters += filter_extension.get_schema_operation_parameters(self)
                  ^^^^^^^^^^^^^^^^^^^^^^^^^^^^^^^^^^^^^^^^^^^^^^^^^^^^^^
  File "/home/luther/medwema/env/lib/python3.12/site-packages/drf_spectacular/contrib/django_filters.py", line 65, in get_schema_operation_parameters
    result += self.resolve_filter_field(
              ^^^^^^^^^^^^^^^^^^^^^^^^^^
  File "/home/luther/medwema/env/lib/python3.12/site-packages/drf_spectacular/contrib/django_filters.py", line 90, in resolve_filter_field
    filter_choices = self._get_explicit_filter_choices(filter_field)
                     ^^^^^^^^^^^^^^^^^^^^^^^^^^^^^^^^^^^^^^^^^^^^^^^
  File "/home/luther/medwema/env/lib/python3.12/site-packages/drf_spectacular/contrib/django_filters.py", line 233, in _get_explicit_filter_choices
    if filter_field.field.null_label:
       ^^^^^^^^^^^^^^^^^^
  File "/home/luther/medwema/env/lib/python3.12/site-packages/django_filters/filters.py", line 149, in field
    self._field = self.field_class(label=self.label, **field_kwargs)
                  ^^^^^^^^^^^^^^^^^^^^^^^^^^^^^^^^^^^^^^^^^^^^^^^^^^
  File "/home/luther/medwema/env/lib/python3.12/site-packages/django_filters/fields.py", line 278, in __init__
    super().__init__(*args, **kwargs)
  File "/home/luther/medwema/env/lib/python3.12/site-packages/django_filters/fields.py", line 258, in __init__
    super().__init__(*args, **kwargs)
  File "/home/luther/medwema/env/lib/python3.12/site-packages/django/forms/fields.py", line 888, in __init__
    self.choices = choices
    ^^^^^^^^^^^^
  File "/home/luther/medwema/env/lib/python3.12/site-packages/django_filters/fields.py", line 264, in _set_choices
    super()._set_choices(value)
    ^^^^^^^^^^^^^^^^^^^^
AttributeError: 'super' object has no attribute '_set_choices'
2026-05-22 09:20:03 [ERROR] django.channels.server: [35;1mHTTP GET /api/schema/ 500 [3.94, 127.0.0.1:45214][0m
2026-05-22 09:21:40 [ERROR] django.request: Internal Server Error: /api/schema/
Traceback (most recent call last):
  File "/home/luther/medwema/env/lib/python3.12/site-packages/asgiref/sync.py", line 555, in thread_handler
    raise exc_info[1]
  File "/home/luther/medwema/env/lib/python3.12/site-packages/django/core/handlers/exception.py", line 42, in inner
    response = await get_response(request)
               ^^^^^^^^^^^^^^^^^^^^^^^^^^^
  File "/home/luther/medwema/env/lib/python3.12/site-packages/asgiref/sync.py", line 555, in thread_handler
    raise exc_info[1]
  File "/home/luther/medwema/env/lib/python3.12/site-packages/django/core/handlers/base.py", line 253, in _get_response_async
    response = await wrapped_callback(
               ^^^^^^^^^^^^^^^^^^^^^^^
  File "/home/luther/medwema/env/lib/python3.12/site-packages/asgiref/sync.py", line 504, in __call__
    ret = await asyncio.shield(exec_coro)
          ^^^^^^^^^^^^^^^^^^^^^^^^^^^^^^^
  File "/usr/lib/python3.12/concurrent/futures/thread.py", line 58, in run
    result = self.fn(*self.args, **self.kwargs)
             ^^^^^^^^^^^^^^^^^^^^^^^^^^^^^^^^^^
  File "/home/luther/medwema/env/lib/python3.12/site-packages/asgiref/sync.py", line 559, in thread_handler
    return func(*args, **kwargs)
           ^^^^^^^^^^^^^^^^^^^^^
  File "/home/luther/medwema/env/lib/python3.12/site-packages/django/views/decorators/csrf.py", line 65, in _view_wrapper
    return view_func(request, *args, **kwargs)
           ^^^^^^^^^^^^^^^^^^^^^^^^^^^^^^^^^^^
  File "/home/luther/medwema/env/lib/python3.12/site-packages/django/views/generic/base.py", line 104, in view
    return self.dispatch(request, *args, **kwargs)
           ^^^^^^^^^^^^^^^^^^^^^^^^^^^^^^^^^^^^^^^
  File "/home/luther/medwema/env/lib/python3.12/site-packages/rest_framework/views.py", line 515, in dispatch
    response = self.handle_exception(exc)
               ^^^^^^^^^^^^^^^^^^^^^^^^^^
  File "/home/luther/medwema/env/lib/python3.12/site-packages/rest_framework/views.py", line 475, in handle_exception
    self.raise_uncaught_exception(exc)
  File "/home/luther/medwema/env/lib/python3.12/site-packages/rest_framework/views.py", line 486, in raise_uncaught_exception
    raise exc
  File "/home/luther/medwema/env/lib/python3.12/site-packages/rest_framework/views.py", line 512, in dispatch
    response = handler(request, *args, **kwargs)
               ^^^^^^^^^^^^^^^^^^^^^^^^^^^^^^^^^
  File "/home/luther/medwema/env/lib/python3.12/site-packages/drf_spectacular/views.py", line 84, in get
    return self._get_schema_response(request)
           ^^^^^^^^^^^^^^^^^^^^^^^^^^^^^^^^^^
  File "/home/luther/medwema/env/lib/python3.12/site-packages/drf_spectacular/views.py", line 92, in _get_schema_response
    data=generator.get_schema(request=request, public=self.serve_public),
         ^^^^^^^^^^^^^^^^^^^^^^^^^^^^^^^^^^^^^^^^^^^^^^^^^^^^^^^^^^^^^^^
  File "/home/luther/medwema/env/lib/python3.12/site-packages/drf_spectacular/generators.py", line 287, in get_schema
    paths=self.parse(request, public),
          ^^^^^^^^^^^^^^^^^^^^^^^^^^^
  File "/home/luther/medwema/env/lib/python3.12/site-packages/drf_spectacular/generators.py", line 258, in parse
    operation = view.schema.get_operation(
                ^^^^^^^^^^^^^^^^^^^^^^^^^^
  File "/home/luther/medwema/env/lib/python3.12/site-packages/drf_spectacular/openapi.py", line 93, in get_operation
    parameters = self._get_parameters()
                 ^^^^^^^^^^^^^^^^^^^^^^
  File "/home/luther/medwema/env/lib/python3.12/site-packages/drf_spectacular/openapi.py", line 265, in _get_parameters
    **dict_helper(self._get_filter_parameters()),
                  ^^^^^^^^^^^^^^^^^^^^^^^^^^^^^
  File "/home/luther/medwema/env/lib/python3.12/site-packages/drf_spectacular/openapi.py", line 556, in _get_filter_parameters
    parameters += filter_extension.get_schema_operation_parameters(self)
                  ^^^^^^^^^^^^^^^^^^^^^^^^^^^^^^^^^^^^^^^^^^^^^^^^^^^^^^
  File "/home/luther/medwema/env/lib/python3.12/site-packages/drf_spectacular/contrib/django_filters.py", line 65, in get_schema_operation_parameters
    result += self.resolve_filter_field(
              ^^^^^^^^^^^^^^^^^^^^^^^^^^
  File "/home/luther/medwema/env/lib/python3.12/site-packages/drf_spectacular/contrib/django_filters.py", line 90, in resolve_filter_field
    filter_choices = self._get_explicit_filter_choices(filter_field)
                     ^^^^^^^^^^^^^^^^^^^^^^^^^^^^^^^^^^^^^^^^^^^^^^^
  File "/home/luther/medwema/env/lib/python3.12/site-packages/drf_spectacular/contrib/django_filters.py", line 233, in _get_explicit_filter_choices
    if filter_field.field.null_label:
       ^^^^^^^^^^^^^^^^^^
  File "/home/luther/medwema/env/lib/python3.12/site-packages/django_filters/filters.py", line 149, in field
    self._field = self.field_class(label=self.label, **field_kwargs)
                  ^^^^^^^^^^^^^^^^^^^^^^^^^^^^^^^^^^^^^^^^^^^^^^^^^^
  File "/home/luther/medwema/env/lib/python3.12/site-packages/django_filters/fields.py", line 278, in __init__
    super().__init__(*args, **kwargs)
  File "/home/luther/medwema/env/lib/python3.12/site-packages/django_filters/fields.py", line 258, in __init__
    super().__init__(*args, **kwargs)
  File "/home/luther/medwema/env/lib/python3.12/site-packages/django/forms/fields.py", line 888, in __init__
    self.choices = choices
    ^^^^^^^^^^^^
  File "/home/luther/medwema/env/lib/python3.12/site-packages/django_filters/fields.py", line 264, in _set_choices
    super()._set_choices(value)
    ^^^^^^^^^^^^^^^^^^^^
AttributeError: 'super' object has no attribute '_set_choices'
2026-05-22 09:21:40 [ERROR] django.channels.server: [35;1mHTTP GET /api/schema/ 500 [4.65, 127.0.0.1:46706][0m
2026-05-22 09:21:44 [ERROR] django.request: Internal Server Error: /api/schema/
Traceback (most recent call last):
  File "/home/luther/medwema/env/lib/python3.12/site-packages/asgiref/sync.py", line 555, in thread_handler
    raise exc_info[1]
  File "/home/luther/medwema/env/lib/python3.12/site-packages/django/core/handlers/exception.py", line 42, in inner
    response = await get_response(request)
               ^^^^^^^^^^^^^^^^^^^^^^^^^^^
  File "/home/luther/medwema/env/lib/python3.12/site-packages/asgiref/sync.py", line 555, in thread_handler
    raise exc_info[1]
  File "/home/luther/medwema/env/lib/python3.12/site-packages/django/core/handlers/base.py", line 253, in _get_response_async
    response = await wrapped_callback(
               ^^^^^^^^^^^^^^^^^^^^^^^
  File "/home/luther/medwema/env/lib/python3.12/site-packages/asgiref/sync.py", line 504, in __call__
    ret = await asyncio.shield(exec_coro)
          ^^^^^^^^^^^^^^^^^^^^^^^^^^^^^^^
  File "/usr/lib/python3.12/concurrent/futures/thread.py", line 58, in run
    result = self.fn(*self.args, **self.kwargs)
             ^^^^^^^^^^^^^^^^^^^^^^^^^^^^^^^^^^
  File "/home/luther/medwema/env/lib/python3.12/site-packages/asgiref/sync.py", line 559, in thread_handler
    return func(*args, **kwargs)
           ^^^^^^^^^^^^^^^^^^^^^
  File "/home/luther/medwema/env/lib/python3.12/site-packages/django/views/decorators/csrf.py", line 65, in _view_wrapper
    return view_func(request, *args, **kwargs)
           ^^^^^^^^^^^^^^^^^^^^^^^^^^^^^^^^^^^
  File "/home/luther/medwema/env/lib/python3.12/site-packages/django/views/generic/base.py", line 104, in view
    return self.dispatch(request, *args, **kwargs)
           ^^^^^^^^^^^^^^^^^^^^^^^^^^^^^^^^^^^^^^^
  File "/home/luther/medwema/env/lib/python3.12/site-packages/rest_framework/views.py", line 515, in dispatch
    response = self.handle_exception(exc)
               ^^^^^^^^^^^^^^^^^^^^^^^^^^
  File "/home/luther/medwema/env/lib/python3.12/site-packages/rest_framework/views.py", line 475, in handle_exception
    self.raise_uncaught_exception(exc)
  File "/home/luther/medwema/env/lib/python3.12/site-packages/rest_framework/views.py", line 486, in raise_uncaught_exception
    raise exc
  File "/home/luther/medwema/env/lib/python3.12/site-packages/rest_framework/views.py", line 512, in dispatch
    response = handler(request, *args, **kwargs)
               ^^^^^^^^^^^^^^^^^^^^^^^^^^^^^^^^^
  File "/home/luther/medwema/env/lib/python3.12/site-packages/drf_spectacular/views.py", line 84, in get
    return self._get_schema_response(request)
           ^^^^^^^^^^^^^^^^^^^^^^^^^^^^^^^^^^
  File "/home/luther/medwema/env/lib/python3.12/site-packages/drf_spectacular/views.py", line 92, in _get_schema_response
    data=generator.get_schema(request=request, public=self.serve_public),
         ^^^^^^^^^^^^^^^^^^^^^^^^^^^^^^^^^^^^^^^^^^^^^^^^^^^^^^^^^^^^^^^
  File "/home/luther/medwema/env/lib/python3.12/site-packages/drf_spectacular/generators.py", line 287, in get_schema
    paths=self.parse(request, public),
          ^^^^^^^^^^^^^^^^^^^^^^^^^^^
  File "/home/luther/medwema/env/lib/python3.12/site-packages/drf_spectacular/generators.py", line 258, in parse
    operation = view.schema.get_operation(
                ^^^^^^^^^^^^^^^^^^^^^^^^^^
  File "/home/luther/medwema/env/lib/python3.12/site-packages/drf_spectacular/openapi.py", line 93, in get_operation
    parameters = self._get_parameters()
                 ^^^^^^^^^^^^^^^^^^^^^^
  File "/home/luther/medwema/env/lib/python3.12/site-packages/drf_spectacular/openapi.py", line 265, in _get_parameters
    **dict_helper(self._get_filter_parameters()),
                  ^^^^^^^^^^^^^^^^^^^^^^^^^^^^^
  File "/home/luther/medwema/env/lib/python3.12/site-packages/drf_spectacular/openapi.py", line 556, in _get_filter_parameters
    parameters += filter_extension.get_schema_operation_parameters(self)
                  ^^^^^^^^^^^^^^^^^^^^^^^^^^^^^^^^^^^^^^^^^^^^^^^^^^^^^^
  File "/home/luther/medwema/env/lib/python3.12/site-packages/drf_spectacular/contrib/django_filters.py", line 65, in get_schema_operation_parameters
    result += self.resolve_filter_field(
              ^^^^^^^^^^^^^^^^^^^^^^^^^^
  File "/home/luther/medwema/env/lib/python3.12/site-packages/drf_spectacular/contrib/django_filters.py", line 90, in resolve_filter_field
    filter_choices = self._get_explicit_filter_choices(filter_field)
                     ^^^^^^^^^^^^^^^^^^^^^^^^^^^^^^^^^^^^^^^^^^^^^^^
  File "/home/luther/medwema/env/lib/python3.12/site-packages/drf_spectacular/contrib/django_filters.py", line 233, in _get_explicit_filter_choices
    if filter_field.field.null_label:
       ^^^^^^^^^^^^^^^^^^
  File "/home/luther/medwema/env/lib/python3.12/site-packages/django_filters/filters.py", line 149, in field
    self._field = self.field_class(label=self.label, **field_kwargs)
                  ^^^^^^^^^^^^^^^^^^^^^^^^^^^^^^^^^^^^^^^^^^^^^^^^^^
  File "/home/luther/medwema/env/lib/python3.12/site-packages/django_filters/fields.py", line 278, in __init__
    super().__init__(*args, **kwargs)
  File "/home/luther/medwema/env/lib/python3.12/site-packages/django_filters/fields.py", line 258, in __init__
    super().__init__(*args, **kwargs)
  File "/home/luther/medwema/env/lib/python3.12/site-packages/django/forms/fields.py", line 888, in __init__
    self.choices = choices
    ^^^^^^^^^^^^
  File "/home/luther/medwema/env/lib/python3.12/site-packages/django_filters/fields.py", line 264, in _set_choices
    super()._set_choices(value)
    ^^^^^^^^^^^^^^^^^^^^
AttributeError: 'super' object has no attribute '_set_choices'
2026-05-22 09:21:44 [ERROR] django.channels.server: [35;1mHTTP GET /api/schema/ 500 [3.89, 127.0.0.1:46706][0m
2026-05-22 09:23:06 [ERROR] django.request: Internal Server Error: /api/schema/
Traceback (most recent call last):
  File "/home/luther/medwema/env/lib/python3.12/site-packages/asgiref/sync.py", line 555, in thread_handler
    raise exc_info[1]
  File "/home/luther/medwema/env/lib/python3.12/site-packages/django/core/handlers/exception.py", line 42, in inner
    response = await get_response(request)
               ^^^^^^^^^^^^^^^^^^^^^^^^^^^
  File "/home/luther/medwema/env/lib/python3.12/site-packages/asgiref/sync.py", line 555, in thread_handler
    raise exc_info[1]
  File "/home/luther/medwema/env/lib/python3.12/site-packages/django/core/handlers/base.py", line 253, in _get_response_async
    response = await wrapped_callback(
               ^^^^^^^^^^^^^^^^^^^^^^^
  File "/home/luther/medwema/env/lib/python3.12/site-packages/asgiref/sync.py", line 504, in __call__
    ret = await asyncio.shield(exec_coro)
          ^^^^^^^^^^^^^^^^^^^^^^^^^^^^^^^
  File "/usr/lib/python3.12/concurrent/futures/thread.py", line 58, in run
    result = self.fn(*self.args, **self.kwargs)
             ^^^^^^^^^^^^^^^^^^^^^^^^^^^^^^^^^^
  File "/home/luther/medwema/env/lib/python3.12/site-packages/asgiref/sync.py", line 559, in thread_handler
    return func(*args, **kwargs)
           ^^^^^^^^^^^^^^^^^^^^^
  File "/home/luther/medwema/env/lib/python3.12/site-packages/django/views/decorators/csrf.py", line 65, in _view_wrapper
    return view_func(request, *args, **kwargs)
           ^^^^^^^^^^^^^^^^^^^^^^^^^^^^^^^^^^^
  File "/home/luther/medwema/env/lib/python3.12/site-packages/django/views/generic/base.py", line 104, in view
    return self.dispatch(request, *args, **kwargs)
           ^^^^^^^^^^^^^^^^^^^^^^^^^^^^^^^^^^^^^^^
  File "/home/luther/medwema/env/lib/python3.12/site-packages/rest_framework/views.py", line 515, in dispatch
    response = self.handle_exception(exc)
               ^^^^^^^^^^^^^^^^^^^^^^^^^^
  File "/home/luther/medwema/env/lib/python3.12/site-packages/rest_framework/views.py", line 475, in handle_exception
    self.raise_uncaught_exception(exc)
  File "/home/luther/medwema/env/lib/python3.12/site-packages/rest_framework/views.py", line 486, in raise_uncaught_exception
    raise exc
  File "/home/luther/medwema/env/lib/python3.12/site-packages/rest_framework/views.py", line 512, in dispatch
    response = handler(request, *args, **kwargs)
               ^^^^^^^^^^^^^^^^^^^^^^^^^^^^^^^^^
  File "/home/luther/medwema/env/lib/python3.12/site-packages/drf_spectacular/views.py", line 84, in get
    return self._get_schema_response(request)
           ^^^^^^^^^^^^^^^^^^^^^^^^^^^^^^^^^^
  File "/home/luther/medwema/env/lib/python3.12/site-packages/drf_spectacular/views.py", line 92, in _get_schema_response
    data=generator.get_schema(request=request, public=self.serve_public),
         ^^^^^^^^^^^^^^^^^^^^^^^^^^^^^^^^^^^^^^^^^^^^^^^^^^^^^^^^^^^^^^^
  File "/home/luther/medwema/env/lib/python3.12/site-packages/drf_spectacular/generators.py", line 287, in get_schema
    paths=self.parse(request, public),
          ^^^^^^^^^^^^^^^^^^^^^^^^^^^
  File "/home/luther/medwema/env/lib/python3.12/site-packages/drf_spectacular/generators.py", line 258, in parse
    operation = view.schema.get_operation(
                ^^^^^^^^^^^^^^^^^^^^^^^^^^
  File "/home/luther/medwema/env/lib/python3.12/site-packages/drf_spectacular/openapi.py", line 93, in get_operation
    parameters = self._get_parameters()
                 ^^^^^^^^^^^^^^^^^^^^^^
  File "/home/luther/medwema/env/lib/python3.12/site-packages/drf_spectacular/openapi.py", line 265, in _get_parameters
    **dict_helper(self._get_filter_parameters()),
                  ^^^^^^^^^^^^^^^^^^^^^^^^^^^^^
  File "/home/luther/medwema/env/lib/python3.12/site-packages/drf_spectacular/openapi.py", line 556, in _get_filter_parameters
    parameters += filter_extension.get_schema_operation_parameters(self)
                  ^^^^^^^^^^^^^^^^^^^^^^^^^^^^^^^^^^^^^^^^^^^^^^^^^^^^^^
  File "/home/luther/medwema/env/lib/python3.12/site-packages/drf_spectacular/contrib/django_filters.py", line 65, in get_schema_operation_parameters
    result += self.resolve_filter_field(
              ^^^^^^^^^^^^^^^^^^^^^^^^^^
  File "/home/luther/medwema/env/lib/python3.12/site-packages/drf_spectacular/contrib/django_filters.py", line 90, in resolve_filter_field
    filter_choices = self._get_explicit_filter_choices(filter_field)
                     ^^^^^^^^^^^^^^^^^^^^^^^^^^^^^^^^^^^^^^^^^^^^^^^
  File "/home/luther/medwema/env/lib/python3.12/site-packages/drf_spectacular/contrib/django_filters.py", line 233, in _get_explicit_filter_choices
    if filter_field.field.null_label:
       ^^^^^^^^^^^^^^^^^^
  File "/home/luther/medwema/env/lib/python3.12/site-packages/django_filters/filters.py", line 149, in field
    self._field = self.field_class(label=self.label, **field_kwargs)
                  ^^^^^^^^^^^^^^^^^^^^^^^^^^^^^^^^^^^^^^^^^^^^^^^^^^
  File "/home/luther/medwema/env/lib/python3.12/site-packages/django_filters/fields.py", line 278, in __init__
    super().__init__(*args, **kwargs)
  File "/home/luther/medwema/env/lib/python3.12/site-packages/django_filters/fields.py", line 258, in __init__
    super().__init__(*args, **kwargs)
  File "/home/luther/medwema/env/lib/python3.12/site-packages/django/forms/fields.py", line 888, in __init__
    self.choices = choices
    ^^^^^^^^^^^^
  File "/home/luther/medwema/env/lib/python3.12/site-packages/django_filters/fields.py", line 264, in _set_choices
    super()._set_choices(value)
    ^^^^^^^^^^^^^^^^^^^^
AttributeError: 'super' object has no attribute '_set_choices'
2026-05-22 09:23:06 [ERROR] django.channels.server: [35;1mHTTP GET /api/schema/ 500 [3.41, 127.0.0.1:36622][0m
2026-05-22 09:24:38 [ERROR] django.request: Internal Server Error: /api/schema/
Traceback (most recent call last):
  File "/home/luther/medwema/env/lib/python3.12/site-packages/asgiref/sync.py", line 555, in thread_handler
    raise exc_info[1]
  File "/home/luther/medwema/env/lib/python3.12/site-packages/django/core/handlers/exception.py", line 42, in inner
    response = await get_response(request)
               ^^^^^^^^^^^^^^^^^^^^^^^^^^^
  File "/home/luther/medwema/env/lib/python3.12/site-packages/asgiref/sync.py", line 555, in thread_handler
    raise exc_info[1]
  File "/home/luther/medwema/env/lib/python3.12/site-packages/django/core/handlers/base.py", line 254, in _get_response_async
    response = await wrapped_callback(
               ^^^^^^^^^^^^^^^^^^^^^^^
  File "/home/luther/medwema/env/lib/python3.12/site-packages/asgiref/sync.py", line 504, in __call__
    ret = await asyncio.shield(exec_coro)
          ^^^^^^^^^^^^^^^^^^^^^^^^^^^^^^^
  File "/usr/lib/python3.12/concurrent/futures/thread.py", line 58, in run
    result = self.fn(*self.args, **self.kwargs)
             ^^^^^^^^^^^^^^^^^^^^^^^^^^^^^^^^^^
  File "/home/luther/medwema/env/lib/python3.12/site-packages/asgiref/sync.py", line 559, in thread_handler
    return func(*args, **kwargs)
           ^^^^^^^^^^^^^^^^^^^^^
  File "/home/luther/medwema/env/lib/python3.12/site-packages/django/views/decorators/csrf.py", line 65, in _view_wrapper
    return view_func(request, *args, **kwargs)
           ^^^^^^^^^^^^^^^^^^^^^^^^^^^^^^^^^^^
  File "/home/luther/medwema/env/lib/python3.12/site-packages/django/views/generic/base.py", line 106, in view
    return self.dispatch(request, *args, **kwargs)
           ^^^^^^^^^^^^^^^^^^^^^^^^^^^^^^^^^^^^^^^
  File "/home/luther/medwema/env/lib/python3.12/site-packages/rest_framework/views.py", line 515, in dispatch
    response = self.handle_exception(exc)
               ^^^^^^^^^^^^^^^^^^^^^^^^^^
  File "/home/luther/medwema/env/lib/python3.12/site-packages/rest_framework/views.py", line 475, in handle_exception
    self.raise_uncaught_exception(exc)
  File "/home/luther/medwema/env/lib/python3.12/site-packages/rest_framework/views.py", line 486, in raise_uncaught_exception
    raise exc
  File "/home/luther/medwema/env/lib/python3.12/site-packages/rest_framework/views.py", line 512, in dispatch
    response = handler(request, *args, **kwargs)
               ^^^^^^^^^^^^^^^^^^^^^^^^^^^^^^^^^
  File "/home/luther/medwema/env/lib/python3.12/site-packages/drf_spectacular/views.py", line 84, in get
    return self._get_schema_response(request)
           ^^^^^^^^^^^^^^^^^^^^^^^^^^^^^^^^^^
  File "/home/luther/medwema/env/lib/python3.12/site-packages/drf_spectacular/views.py", line 92, in _get_schema_response
    data=generator.get_schema(request=request, public=self.serve_public),
         ^^^^^^^^^^^^^^^^^^^^^^^^^^^^^^^^^^^^^^^^^^^^^^^^^^^^^^^^^^^^^^^
  File "/home/luther/medwema/env/lib/python3.12/site-packages/drf_spectacular/generators.py", line 287, in get_schema
    paths=self.parse(request, public),
          ^^^^^^^^^^^^^^^^^^^^^^^^^^^
  File "/home/luther/medwema/env/lib/python3.12/site-packages/drf_spectacular/generators.py", line 258, in parse
    operation = view.schema.get_operation(
                ^^^^^^^^^^^^^^^^^^^^^^^^^^
  File "/home/luther/medwema/env/lib/python3.12/site-packages/drf_spectacular/openapi.py", line 113, in get_operation
    operation['responses'] = self._get_response_bodies()
                             ^^^^^^^^^^^^^^^^^^^^^^^^^^^
  File "/home/luther/medwema/env/lib/python3.12/site-packages/drf_spectacular/openapi.py", line 1407, in _get_response_bodies
    return {'200': self._get_response_for_code(response_serializers, '200', direction=direction)}
                   ^^^^^^^^^^^^^^^^^^^^^^^^^^^^^^^^^^^^^^^^^^^^^^^^^^^^^^^^^^^^^^^^^^^^^^^^^^^^^
  File "/home/luther/medwema/env/lib/python3.12/site-packages/drf_spectacular/openapi.py", line 1463, in _get_response_for_code
    component = self.resolve_serializer(serializer, direction)
                ^^^^^^^^^^^^^^^^^^^^^^^^^^^^^^^^^^^^^^^^^^^^^^
  File "/home/luther/medwema/env/lib/python3.12/site-packages/drf_spectacular/openapi.py", line 1658, in resolve_serializer
    component.schema = self._map_serializer(serializer, direction, bypass_extensions)
                       ^^^^^^^^^^^^^^^^^^^^^^^^^^^^^^^^^^^^^^^^^^^^^^^^^^^^^^^^^^^^^^
  File "/home/luther/medwema/env/lib/python3.12/site-packages/drf_spectacular/openapi.py", line 959, in _map_serializer
    schema = self._map_basic_serializer(serializer, direction)
             ^^^^^^^^^^^^^^^^^^^^^^^^^^^^^^^^^^^^^^^^^^^^^^^^^
  File "/home/luther/medwema/env/lib/python3.12/site-packages/drf_spectacular/openapi.py", line 1052, in _map_basic_serializer
    for field in serializer.fields.values():
                 ^^^^^^^^^^^^^^^^^
  File "/home/luther/medwema/env/lib/python3.12/site-packages/django/utils/functional.py", line 47, in __get__
    res = instance.__dict__[self.name] = self.func(instance)
                                         ^^^^^^^^^^^^^^^^^^^
  File "/home/luther/medwema/env/lib/python3.12/site-packages/rest_framework/serializers.py", line 375, in fields
    fields[key] = value
    ~~~~~~^^^^^
  File "/home/luther/medwema/env/lib/python3.12/site-packages/rest_framework/utils/serializer_helpers.py", line 165, in __setitem__
    field.bind(field_name=key, parent=self.serializer)
  File "/home/luther/medwema/env/lib/python3.12/site-packages/rest_framework/fields.py", line 358, in bind
    assert self.source != field_name, (
           ^^^^^^^^^^^^^^^^^^^^^^^^^
AssertionError: It is redundant to specify `source='total_stock'` on field 'DecimalField' in serializer 'ItemSerializer', because it is the same as the field name. Remove the `source` keyword argument.
2026-05-22 09:24:38 [ERROR] django.channels.server: [35;1mHTTP GET /api/schema/ 500 [17.43, 127.0.0.1:33622][0m
2026-05-22 09:24:52 [ERROR] django.request: Internal Server Error: /api/schema/
Traceback (most recent call last):
  File "/home/luther/medwema/env/lib/python3.12/site-packages/asgiref/sync.py", line 555, in thread_handler
    raise exc_info[1]
  File "/home/luther/medwema/env/lib/python3.12/site-packages/django/core/handlers/exception.py", line 42, in inner
    response = await get_response(request)
               ^^^^^^^^^^^^^^^^^^^^^^^^^^^
  File "/home/luther/medwema/env/lib/python3.12/site-packages/asgiref/sync.py", line 555, in thread_handler
    raise exc_info[1]
  File "/home/luther/medwema/env/lib/python3.12/site-packages/django/core/handlers/base.py", line 254, in _get_response_async
    response = await wrapped_callback(
               ^^^^^^^^^^^^^^^^^^^^^^^
  File "/home/luther/medwema/env/lib/python3.12/site-packages/asgiref/sync.py", line 504, in __call__
    ret = await asyncio.shield(exec_coro)
          ^^^^^^^^^^^^^^^^^^^^^^^^^^^^^^^
  File "/usr/lib/python3.12/concurrent/futures/thread.py", line 58, in run
    result = self.fn(*self.args, **self.kwargs)
             ^^^^^^^^^^^^^^^^^^^^^^^^^^^^^^^^^^
  File "/home/luther/medwema/env/lib/python3.12/site-packages/asgiref/sync.py", line 559, in thread_handler
    return func(*args, **kwargs)
           ^^^^^^^^^^^^^^^^^^^^^
  File "/home/luther/medwema/env/lib/python3.12/site-packages/django/views/decorators/csrf.py", line 65, in _view_wrapper
    return view_func(request, *args, **kwargs)
           ^^^^^^^^^^^^^^^^^^^^^^^^^^^^^^^^^^^
  File "/home/luther/medwema/env/lib/python3.12/site-packages/django/views/generic/base.py", line 106, in view
    return self.dispatch(request, *args, **kwargs)
           ^^^^^^^^^^^^^^^^^^^^^^^^^^^^^^^^^^^^^^^
  File "/home/luther/medwema/env/lib/python3.12/site-packages/rest_framework/views.py", line 515, in dispatch
    response = self.handle_exception(exc)
               ^^^^^^^^^^^^^^^^^^^^^^^^^^
  File "/home/luther/medwema/env/lib/python3.12/site-packages/rest_framework/views.py", line 475, in handle_exception
    self.raise_uncaught_exception(exc)
  File "/home/luther/medwema/env/lib/python3.12/site-packages/rest_framework/views.py", line 486, in raise_uncaught_exception
    raise exc
  File "/home/luther/medwema/env/lib/python3.12/site-packages/rest_framework/views.py", line 512, in dispatch
    response = handler(request, *args, **kwargs)
               ^^^^^^^^^^^^^^^^^^^^^^^^^^^^^^^^^
  File "/home/luther/medwema/env/lib/python3.12/site-packages/drf_spectacular/views.py", line 84, in get
    return self._get_schema_response(request)
           ^^^^^^^^^^^^^^^^^^^^^^^^^^^^^^^^^^
  File "/home/luther/medwema/env/lib/python3.12/site-packages/drf_spectacular/views.py", line 92, in _get_schema_response
    data=generator.get_schema(request=request, public=self.serve_public),
         ^^^^^^^^^^^^^^^^^^^^^^^^^^^^^^^^^^^^^^^^^^^^^^^^^^^^^^^^^^^^^^^
  File "/home/luther/medwema/env/lib/python3.12/site-packages/drf_spectacular/generators.py", line 287, in get_schema
    paths=self.parse(request, public),
          ^^^^^^^^^^^^^^^^^^^^^^^^^^^
  File "/home/luther/medwema/env/lib/python3.12/site-packages/drf_spectacular/generators.py", line 258, in parse
    operation = view.schema.get_operation(
                ^^^^^^^^^^^^^^^^^^^^^^^^^^
  File "/home/luther/medwema/env/lib/python3.12/site-packages/drf_spectacular/openapi.py", line 113, in get_operation
    operation['responses'] = self._get_response_bodies()
                             ^^^^^^^^^^^^^^^^^^^^^^^^^^^
  File "/home/luther/medwema/env/lib/python3.12/site-packages/drf_spectacular/openapi.py", line 1407, in _get_response_bodies
    return {'200': self._get_response_for_code(response_serializers, '200', direction=direction)}
                   ^^^^^^^^^^^^^^^^^^^^^^^^^^^^^^^^^^^^^^^^^^^^^^^^^^^^^^^^^^^^^^^^^^^^^^^^^^^^^
  File "/home/luther/medwema/env/lib/python3.12/site-packages/drf_spectacular/openapi.py", line 1463, in _get_response_for_code
    component = self.resolve_serializer(serializer, direction)
                ^^^^^^^^^^^^^^^^^^^^^^^^^^^^^^^^^^^^^^^^^^^^^^
  File "/home/luther/medwema/env/lib/python3.12/site-packages/drf_spectacular/openapi.py", line 1658, in resolve_serializer
    component.schema = self._map_serializer(serializer, direction, bypass_extensions)
                       ^^^^^^^^^^^^^^^^^^^^^^^^^^^^^^^^^^^^^^^^^^^^^^^^^^^^^^^^^^^^^^
  File "/home/luther/medwema/env/lib/python3.12/site-packages/drf_spectacular/openapi.py", line 959, in _map_serializer
    schema = self._map_basic_serializer(serializer, direction)
             ^^^^^^^^^^^^^^^^^^^^^^^^^^^^^^^^^^^^^^^^^^^^^^^^^
  File "/home/luther/medwema/env/lib/python3.12/site-packages/drf_spectacular/openapi.py", line 1052, in _map_basic_serializer
    for field in serializer.fields.values():
                 ^^^^^^^^^^^^^^^^^
  File "/home/luther/medwema/env/lib/python3.12/site-packages/django/utils/functional.py", line 47, in __get__
    res = instance.__dict__[self.name] = self.func(instance)
                                         ^^^^^^^^^^^^^^^^^^^
  File "/home/luther/medwema/env/lib/python3.12/site-packages/rest_framework/serializers.py", line 375, in fields
    fields[key] = value
    ~~~~~~^^^^^
  File "/home/luther/medwema/env/lib/python3.12/site-packages/rest_framework/utils/serializer_helpers.py", line 165, in __setitem__
    field.bind(field_name=key, parent=self.serializer)
  File "/home/luther/medwema/env/lib/python3.12/site-packages/rest_framework/fields.py", line 358, in bind
    assert self.source != field_name, (
           ^^^^^^^^^^^^^^^^^^^^^^^^^
AssertionError: It is redundant to specify `source='total_stock'` on field 'DecimalField' in serializer 'ItemSerializer', because it is the same as the field name. Remove the `source` keyword argument.
2026-05-22 09:24:52 [ERROR] django.channels.server: [35;1mHTTP GET /api/schema/ 500 [14.65, 127.0.0.1:33634][0m
2026-05-22 09:25:08 [ERROR] django.request: Internal Server Error: /api/schema/
Traceback (most recent call last):
  File "/home/luther/medwema/env/lib/python3.12/site-packages/asgiref/sync.py", line 555, in thread_handler
    raise exc_info[1]
  File "/home/luther/medwema/env/lib/python3.12/site-packages/django/core/handlers/exception.py", line 42, in inner
    response = await get_response(request)
               ^^^^^^^^^^^^^^^^^^^^^^^^^^^
  File "/home/luther/medwema/env/lib/python3.12/site-packages/asgiref/sync.py", line 555, in thread_handler
    raise exc_info[1]
  File "/home/luther/medwema/env/lib/python3.12/site-packages/django/core/handlers/base.py", line 254, in _get_response_async
    response = await wrapped_callback(
               ^^^^^^^^^^^^^^^^^^^^^^^
  File "/home/luther/medwema/env/lib/python3.12/site-packages/asgiref/sync.py", line 504, in __call__
    ret = await asyncio.shield(exec_coro)
          ^^^^^^^^^^^^^^^^^^^^^^^^^^^^^^^
  File "/usr/lib/python3.12/concurrent/futures/thread.py", line 58, in run
    result = self.fn(*self.args, **self.kwargs)
             ^^^^^^^^^^^^^^^^^^^^^^^^^^^^^^^^^^
  File "/home/luther/medwema/env/lib/python3.12/site-packages/asgiref/sync.py", line 559, in thread_handler
    return func(*args, **kwargs)
           ^^^^^^^^^^^^^^^^^^^^^
  File "/home/luther/medwema/env/lib/python3.12/site-packages/django/views/decorators/csrf.py", line 65, in _view_wrapper
    return view_func(request, *args, **kwargs)
           ^^^^^^^^^^^^^^^^^^^^^^^^^^^^^^^^^^^
  File "/home/luther/medwema/env/lib/python3.12/site-packages/django/views/generic/base.py", line 106, in view
    return self.dispatch(request, *args, **kwargs)
           ^^^^^^^^^^^^^^^^^^^^^^^^^^^^^^^^^^^^^^^
  File "/home/luther/medwema/env/lib/python3.12/site-packages/rest_framework/views.py", line 515, in dispatch
    response = self.handle_exception(exc)
               ^^^^^^^^^^^^^^^^^^^^^^^^^^
  File "/home/luther/medwema/env/lib/python3.12/site-packages/rest_framework/views.py", line 475, in handle_exception
    self.raise_uncaught_exception(exc)
  File "/home/luther/medwema/env/lib/python3.12/site-packages/rest_framework/views.py", line 486, in raise_uncaught_exception
    raise exc
  File "/home/luther/medwema/env/lib/python3.12/site-packages/rest_framework/views.py", line 512, in dispatch
    response = handler(request, *args, **kwargs)
               ^^^^^^^^^^^^^^^^^^^^^^^^^^^^^^^^^
  File "/home/luther/medwema/env/lib/python3.12/site-packages/drf_spectacular/views.py", line 84, in get
    return self._get_schema_response(request)
           ^^^^^^^^^^^^^^^^^^^^^^^^^^^^^^^^^^
  File "/home/luther/medwema/env/lib/python3.12/site-packages/drf_spectacular/views.py", line 92, in _get_schema_response
    data=generator.get_schema(request=request, public=self.serve_public),
         ^^^^^^^^^^^^^^^^^^^^^^^^^^^^^^^^^^^^^^^^^^^^^^^^^^^^^^^^^^^^^^^
  File "/home/luther/medwema/env/lib/python3.12/site-packages/drf_spectacular/generators.py", line 287, in get_schema
    paths=self.parse(request, public),
          ^^^^^^^^^^^^^^^^^^^^^^^^^^^
  File "/home/luther/medwema/env/lib/python3.12/site-packages/drf_spectacular/generators.py", line 258, in parse
    operation = view.schema.get_operation(
                ^^^^^^^^^^^^^^^^^^^^^^^^^^
  File "/home/luther/medwema/env/lib/python3.12/site-packages/drf_spectacular/openapi.py", line 113, in get_operation
    operation['responses'] = self._get_response_bodies()
                             ^^^^^^^^^^^^^^^^^^^^^^^^^^^
  File "/home/luther/medwema/env/lib/python3.12/site-packages/drf_spectacular/openapi.py", line 1407, in _get_response_bodies
    return {'200': self._get_response_for_code(response_serializers, '200', direction=direction)}
                   ^^^^^^^^^^^^^^^^^^^^^^^^^^^^^^^^^^^^^^^^^^^^^^^^^^^^^^^^^^^^^^^^^^^^^^^^^^^^^
  File "/home/luther/medwema/env/lib/python3.12/site-packages/drf_spectacular/openapi.py", line 1463, in _get_response_for_code
    component = self.resolve_serializer(serializer, direction)
                ^^^^^^^^^^^^^^^^^^^^^^^^^^^^^^^^^^^^^^^^^^^^^^
  File "/home/luther/medwema/env/lib/python3.12/site-packages/drf_spectacular/openapi.py", line 1658, in resolve_serializer
    component.schema = self._map_serializer(serializer, direction, bypass_extensions)
                       ^^^^^^^^^^^^^^^^^^^^^^^^^^^^^^^^^^^^^^^^^^^^^^^^^^^^^^^^^^^^^^
  File "/home/luther/medwema/env/lib/python3.12/site-packages/drf_spectacular/openapi.py", line 959, in _map_serializer
    schema = self._map_basic_serializer(serializer, direction)
             ^^^^^^^^^^^^^^^^^^^^^^^^^^^^^^^^^^^^^^^^^^^^^^^^^
  File "/home/luther/medwema/env/lib/python3.12/site-packages/drf_spectacular/openapi.py", line 1052, in _map_basic_serializer
    for field in serializer.fields.values():
                 ^^^^^^^^^^^^^^^^^
  File "/home/luther/medwema/env/lib/python3.12/site-packages/django/utils/functional.py", line 47, in __get__
    res = instance.__dict__[self.name] = self.func(instance)
                                         ^^^^^^^^^^^^^^^^^^^
  File "/home/luther/medwema/env/lib/python3.12/site-packages/rest_framework/serializers.py", line 375, in fields
    fields[key] = value
    ~~~~~~^^^^^
  File "/home/luther/medwema/env/lib/python3.12/site-packages/rest_framework/utils/serializer_helpers.py", line 165, in __setitem__
    field.bind(field_name=key, parent=self.serializer)
  File "/home/luther/medwema/env/lib/python3.12/site-packages/rest_framework/fields.py", line 358, in bind
    assert self.source != field_name, (
           ^^^^^^^^^^^^^^^^^^^^^^^^^
AssertionError: It is redundant to specify `source='total_stock'` on field 'DecimalField' in serializer 'ItemSerializer', because it is the same as the field name. Remove the `source` keyword argument.
2026-05-22 09:25:08 [ERROR] django.channels.server: [35;1mHTTP GET /api/schema/ 500 [15.24, 127.0.0.1:33622][0m
2026-05-22 09:29:02 [ERROR] django.channels.server: [35;1mHTTP GET /api/docs/ 500 [0.20, 127.0.0.1:58312][0m
2026-05-22 09:29:15 [ERROR] django.channels.server: [35;1mHTTP GET /api/docs/ 500 [0.96, 127.0.0.1:58312][0m
2026-05-22 09:41:22 [ERROR] django.request: Internal Server Error: /
Traceback (most recent call last):
  File "/home/luther/medwema/env/lib/python3.12/site-packages/asgiref/sync.py", line 555, in thread_handler
    raise exc_info[1]
  File "/home/luther/medwema/env/lib/python3.12/site-packages/django/core/handlers/exception.py", line 42, in inner
    response = await get_response(request)
               ^^^^^^^^^^^^^^^^^^^^^^^^^^^
  File "/home/luther/medwema/env/lib/python3.12/site-packages/asgiref/sync.py", line 555, in thread_handler
    raise exc_info[1]
  File "/home/luther/medwema/env/lib/python3.12/site-packages/django/core/handlers/base.py", line 254, in _get_response_async
    response = await wrapped_callback(
               ^^^^^^^^^^^^^^^^^^^^^^^
  File "/home/luther/medwema/env/lib/python3.12/site-packages/asgiref/sync.py", line 504, in __call__
    ret = await asyncio.shield(exec_coro)
          ^^^^^^^^^^^^^^^^^^^^^^^^^^^^^^^
  File "/usr/lib/python3.12/concurrent/futures/thread.py", line 58, in run
    result = self.fn(*self.args, **self.kwargs)
             ^^^^^^^^^^^^^^^^^^^^^^^^^^^^^^^^^^
  File "/home/luther/medwema/env/lib/python3.12/site-packages/asgiref/sync.py", line 559, in thread_handler
    return func(*args, **kwargs)
           ^^^^^^^^^^^^^^^^^^^^^
  File "/home/luther/medwema/home/views.py", line 17, in index
    return render(request, "index.html", {"blog_posts": blog_posts})
           ^^^^^^^^^^^^^^^^^^^^^^^^^^^^^^^^^^^^^^^^^^^^^^^^^^^^^^^^^
  File "/home/luther/medwema/env/lib/python3.12/site-packages/django/shortcuts.py", line 25, in render
    content = loader.render_to_string(template_name, context, request, using=using)
              ^^^^^^^^^^^^^^^^^^^^^^^^^^^^^^^^^^^^^^^^^^^^^^^^^^^^^^^^^^^^^^^^^^^^^
  File "/home/luther/medwema/env/lib/python3.12/site-packages/django/template/loader.py", line 61, in render_to_string
    template = get_template(template_name, using=using)
               ^^^^^^^^^^^^^^^^^^^^^^^^^^^^^^^^^^^^^^^^
  File "/home/luther/medwema/env/lib/python3.12/site-packages/django/template/loader.py", line 15, in get_template
    return engine.get_template(template_name)
           ^^^^^^^^^^^^^^^^^^^^^^^^^^^^^^^^^^
  File "/home/luther/medwema/env/lib/python3.12/site-packages/django/template/backends/django.py", line 79, in get_template
    return Template(self.engine.get_template(template_name), self)
                    ^^^^^^^^^^^^^^^^^^^^^^^^^^^^^^^^^^^^^^^
  File "/home/luther/medwema/env/lib/python3.12/site-packages/django/template/engine.py", line 186, in get_template
    template, origin = self.find_template(template_name)
                       ^^^^^^^^^^^^^^^^^^^^^^^^^^^^^^^^^
  File "/home/luther/medwema/env/lib/python3.12/site-packages/django/template/engine.py", line 159, in find_template
    template = loader.get_template(name, skip=skip)
               ^^^^^^^^^^^^^^^^^^^^^^^^^^^^^^^^^^^^
  File "/home/luther/medwema/env/lib/python3.12/site-packages/django/template/loaders/cached.py", line 57, in get_template
    template = super().get_template(template_name, skip)
               ^^^^^^^^^^^^^^^^^^^^^^^^^^^^^^^^^^^^^^^^^
  File "/home/luther/medwema/env/lib/python3.12/site-packages/django/template/loaders/base.py", line 28, in get_template
    return Template(
           ^^^^^^^^^
  File "/home/luther/medwema/env/lib/python3.12/site-packages/django/template/base.py", line 157, in __init__
    self.nodelist = self.compile_nodelist()
                    ^^^^^^^^^^^^^^^^^^^^^^^
  File "/home/luther/medwema/env/lib/python3.12/site-packages/django/template/base.py", line 199, in compile_nodelist
    nodelist = parser.parse()
               ^^^^^^^^^^^^^^
  File "/home/luther/medwema/env/lib/python3.12/site-packages/django/template/base.py", line 585, in parse
    raise self.error(token, e)
  File "/home/luther/medwema/env/lib/python3.12/site-packages/django/template/base.py", line 583, in parse
    compiled_result = compile_func(self, token)
                      ^^^^^^^^^^^^^^^^^^^^^^^^^
  File "/home/luther/medwema/env/lib/python3.12/site-packages/django/template/defaulttags.py", line 880, in do_for
    raise TemplateSyntaxError(
django.template.exceptions.TemplateSyntaxError: Template: /home/luther/medwema/home/templates/index.html, 'for' statements should use the format 'for x in y': for card in "Patients Today,Lab Results,Revenue,In Queue" | split:","
2026-05-22 09:41:23 [ERROR] django.channels.server: [35;1mHTTP GET / 500 [2.00, 127.0.0.1:55286][0m
2026-05-22 09:41:46 [ERROR] django.request: Internal Server Error: /
Traceback (most recent call last):
  File "/home/luther/medwema/env/lib/python3.12/site-packages/asgiref/sync.py", line 555, in thread_handler
    raise exc_info[1]
  File "/home/luther/medwema/env/lib/python3.12/site-packages/django/core/handlers/exception.py", line 42, in inner
    response = await get_response(request)
               ^^^^^^^^^^^^^^^^^^^^^^^^^^^
  File "/home/luther/medwema/env/lib/python3.12/site-packages/asgiref/sync.py", line 555, in thread_handler
    raise exc_info[1]
  File "/home/luther/medwema/env/lib/python3.12/site-packages/django/core/handlers/base.py", line 254, in _get_response_async
    response = await wrapped_callback(
               ^^^^^^^^^^^^^^^^^^^^^^^
  File "/home/luther/medwema/env/lib/python3.12/site-packages/asgiref/sync.py", line 504, in __call__
    ret = await asyncio.shield(exec_coro)
          ^^^^^^^^^^^^^^^^^^^^^^^^^^^^^^^
  File "/usr/lib/python3.12/concurrent/futures/thread.py", line 58, in run
    result = self.fn(*self.args, **self.kwargs)
             ^^^^^^^^^^^^^^^^^^^^^^^^^^^^^^^^^^
  File "/home/luther/medwema/env/lib/python3.12/site-packages/asgiref/sync.py", line 559, in thread_handler
    return func(*args, **kwargs)
           ^^^^^^^^^^^^^^^^^^^^^
  File "/home/luther/medwema/home/views.py", line 17, in index
    return render(request, "index.html", {"blog_posts": blog_posts})
           ^^^^^^^^^^^^^^^^^^^^^^^^^^^^^^^^^^^^^^^^^^^^^^^^^^^^^^^^^
  File "/home/luther/medwema/env/lib/python3.12/site-packages/django/shortcuts.py", line 25, in render
    content = loader.render_to_string(template_name, context, request, using=using)
              ^^^^^^^^^^^^^^^^^^^^^^^^^^^^^^^^^^^^^^^^^^^^^^^^^^^^^^^^^^^^^^^^^^^^^
  File "/home/luther/medwema/env/lib/python3.12/site-packages/django/template/loader.py", line 61, in render_to_string
    template = get_template(template_name, using=using)
               ^^^^^^^^^^^^^^^^^^^^^^^^^^^^^^^^^^^^^^^^
  File "/home/luther/medwema/env/lib/python3.12/site-packages/django/template/loader.py", line 15, in get_template
    return engine.get_template(template_name)
           ^^^^^^^^^^^^^^^^^^^^^^^^^^^^^^^^^^
  File "/home/luther/medwema/env/lib/python3.12/site-packages/django/template/backends/django.py", line 79, in get_template
    return Template(self.engine.get_template(template_name), self)
                    ^^^^^^^^^^^^^^^^^^^^^^^^^^^^^^^^^^^^^^^
  File "/home/luther/medwema/env/lib/python3.12/site-packages/django/template/engine.py", line 186, in get_template
    template, origin = self.find_template(template_name)
                       ^^^^^^^^^^^^^^^^^^^^^^^^^^^^^^^^^
  File "/home/luther/medwema/env/lib/python3.12/site-packages/django/template/engine.py", line 159, in find_template
    template = loader.get_template(name, skip=skip)
               ^^^^^^^^^^^^^^^^^^^^^^^^^^^^^^^^^^^^
  File "/home/luther/medwema/env/lib/python3.12/site-packages/django/template/loaders/cached.py", line 57, in get_template
    template = super().get_template(template_name, skip)
               ^^^^^^^^^^^^^^^^^^^^^^^^^^^^^^^^^^^^^^^^^
  File "/home/luther/medwema/env/lib/python3.12/site-packages/django/template/loaders/base.py", line 28, in get_template
    return Template(
           ^^^^^^^^^
  File "/home/luther/medwema/env/lib/python3.12/site-packages/django/template/base.py", line 157, in __init__
    self.nodelist = self.compile_nodelist()
                    ^^^^^^^^^^^^^^^^^^^^^^^
  File "/home/luther/medwema/env/lib/python3.12/site-packages/django/template/base.py", line 199, in compile_nodelist
    nodelist = parser.parse()
               ^^^^^^^^^^^^^^
  File "/home/luther/medwema/env/lib/python3.12/site-packages/django/template/base.py", line 585, in parse
    raise self.error(token, e)
  File "/home/luther/medwema/env/lib/python3.12/site-packages/django/template/base.py", line 583, in parse
    compiled_result = compile_func(self, token)
                      ^^^^^^^^^^^^^^^^^^^^^^^^^
  File "/home/luther/medwema/env/lib/python3.12/site-packages/django/template/defaulttags.py", line 880, in do_for
    raise TemplateSyntaxError(
django.template.exceptions.TemplateSyntaxError: Template: /home/luther/medwema/home/templates/index.html, 'for' statements should use the format 'for x in y': for card in "Patients Today,Lab Results,Revenue,In Queue" | split:","
2026-05-22 09:41:46 [ERROR] django.channels.server: [35;1mHTTP GET / 500 [1.06, 127.0.0.1:55286][0m
2026-05-22 09:51:59 [ERROR] django.request: Internal Server Error: /
Traceback (most recent call last):
  File "/home/luther/medwema/env/lib/python3.12/site-packages/asgiref/sync.py", line 555, in thread_handler
    raise exc_info[1]
  File "/home/luther/medwema/env/lib/python3.12/site-packages/django/core/handlers/exception.py", line 42, in inner
    response = await get_response(request)
               ^^^^^^^^^^^^^^^^^^^^^^^^^^^
  File "/home/luther/medwema/env/lib/python3.12/site-packages/asgiref/sync.py", line 555, in thread_handler
    raise exc_info[1]
  File "/home/luther/medwema/env/lib/python3.12/site-packages/django/core/handlers/base.py", line 254, in _get_response_async
    response = await wrapped_callback(
               ^^^^^^^^^^^^^^^^^^^^^^^
  File "/home/luther/medwema/env/lib/python3.12/site-packages/asgiref/sync.py", line 504, in __call__
    ret = await asyncio.shield(exec_coro)
          ^^^^^^^^^^^^^^^^^^^^^^^^^^^^^^^
  File "/usr/lib/python3.12/concurrent/futures/thread.py", line 58, in run
    result = self.fn(*self.args, **self.kwargs)
             ^^^^^^^^^^^^^^^^^^^^^^^^^^^^^^^^^^
  File "/home/luther/medwema/env/lib/python3.12/site-packages/asgiref/sync.py", line 559, in thread_handler
    return func(*args, **kwargs)
           ^^^^^^^^^^^^^^^^^^^^^
  File "/home/luther/medwema/home/views.py", line 24, in index
    return render(request, "index.html", {
           ^^^^^^^^^^^^^^^^^^^^^^^^^^^^^^^
  File "/home/luther/medwema/env/lib/python3.12/site-packages/django/shortcuts.py", line 25, in render
    content = loader.render_to_string(template_name, context, request, using=using)
              ^^^^^^^^^^^^^^^^^^^^^^^^^^^^^^^^^^^^^^^^^^^^^^^^^^^^^^^^^^^^^^^^^^^^^
  File "/home/luther/medwema/env/lib/python3.12/site-packages/django/template/loader.py", line 61, in render_to_string
    template = get_template(template_name, using=using)
               ^^^^^^^^^^^^^^^^^^^^^^^^^^^^^^^^^^^^^^^^
  File "/home/luther/medwema/env/lib/python3.12/site-packages/django/template/loader.py", line 15, in get_template
    return engine.get_template(template_name)
           ^^^^^^^^^^^^^^^^^^^^^^^^^^^^^^^^^^
  File "/home/luther/medwema/env/lib/python3.12/site-packages/django/template/backends/django.py", line 79, in get_template
    return Template(self.engine.get_template(template_name), self)
                    ^^^^^^^^^^^^^^^^^^^^^^^^^^^^^^^^^^^^^^^
  File "/home/luther/medwema/env/lib/python3.12/site-packages/django/template/engine.py", line 186, in get_template
    template, origin = self.find_template(template_name)
                       ^^^^^^^^^^^^^^^^^^^^^^^^^^^^^^^^^
  File "/home/luther/medwema/env/lib/python3.12/site-packages/django/template/engine.py", line 159, in find_template
    template = loader.get_template(name, skip=skip)
               ^^^^^^^^^^^^^^^^^^^^^^^^^^^^^^^^^^^^
  File "/home/luther/medwema/env/lib/python3.12/site-packages/django/template/loaders/cached.py", line 57, in get_template
    template = super().get_template(template_name, skip)
               ^^^^^^^^^^^^^^^^^^^^^^^^^^^^^^^^^^^^^^^^^
  File "/home/luther/medwema/env/lib/python3.12/site-packages/django/template/loaders/base.py", line 28, in get_template
    return Template(
           ^^^^^^^^^
  File "/home/luther/medwema/env/lib/python3.12/site-packages/django/template/base.py", line 157, in __init__
    self.nodelist = self.compile_nodelist()
                    ^^^^^^^^^^^^^^^^^^^^^^^
  File "/home/luther/medwema/env/lib/python3.12/site-packages/django/template/base.py", line 199, in compile_nodelist
    nodelist = parser.parse()
               ^^^^^^^^^^^^^^
  File "/home/luther/medwema/env/lib/python3.12/site-packages/django/template/base.py", line 585, in parse
    raise self.error(token, e)
  File "/home/luther/medwema/env/lib/python3.12/site-packages/django/template/base.py", line 583, in parse
    compiled_result = compile_func(self, token)
                      ^^^^^^^^^^^^^^^^^^^^^^^^^
  File "/home/luther/medwema/env/lib/python3.12/site-packages/django/template/defaulttags.py", line 880, in do_for
    raise TemplateSyntaxError(
django.template.exceptions.TemplateSyntaxError: Template: /home/luther/medwema/home/templates/index.html, 'for' statements should use the format 'for x in y': for card in "Patients Today,Lab Results,Revenue,In Queue" | split:","
2026-05-22 09:51:59 [ERROR] django.channels.server: [35;1mHTTP GET / 500 [2.34, 127.0.0.1:37876][0m
2026-05-22 09:52:04 [ERROR] django.request: Internal Server Error: /
Traceback (most recent call last):
  File "/home/luther/medwema/env/lib/python3.12/site-packages/asgiref/sync.py", line 555, in thread_handler
    raise exc_info[1]
  File "/home/luther/medwema/env/lib/python3.12/site-packages/django/core/handlers/exception.py", line 42, in inner
    response = await get_response(request)
               ^^^^^^^^^^^^^^^^^^^^^^^^^^^
  File "/home/luther/medwema/env/lib/python3.12/site-packages/asgiref/sync.py", line 555, in thread_handler
    raise exc_info[1]
  File "/home/luther/medwema/env/lib/python3.12/site-packages/django/core/handlers/base.py", line 254, in _get_response_async
    response = await wrapped_callback(
               ^^^^^^^^^^^^^^^^^^^^^^^
  File "/home/luther/medwema/env/lib/python3.12/site-packages/asgiref/sync.py", line 504, in __call__
    ret = await asyncio.shield(exec_coro)
          ^^^^^^^^^^^^^^^^^^^^^^^^^^^^^^^
  File "/usr/lib/python3.12/concurrent/futures/thread.py", line 58, in run
    result = self.fn(*self.args, **self.kwargs)
             ^^^^^^^^^^^^^^^^^^^^^^^^^^^^^^^^^^
  File "/home/luther/medwema/env/lib/python3.12/site-packages/asgiref/sync.py", line 559, in thread_handler
    return func(*args, **kwargs)
           ^^^^^^^^^^^^^^^^^^^^^
  File "/home/luther/medwema/home/views.py", line 24, in index
    return render(request, "index.html", {
           ^^^^^^^^^^^^^^^^^^^^^^^^^^^^^^^
  File "/home/luther/medwema/env/lib/python3.12/site-packages/django/shortcuts.py", line 25, in render
    content = loader.render_to_string(template_name, context, request, using=using)
              ^^^^^^^^^^^^^^^^^^^^^^^^^^^^^^^^^^^^^^^^^^^^^^^^^^^^^^^^^^^^^^^^^^^^^
  File "/home/luther/medwema/env/lib/python3.12/site-packages/django/template/loader.py", line 61, in render_to_string
    template = get_template(template_name, using=using)
               ^^^^^^^^^^^^^^^^^^^^^^^^^^^^^^^^^^^^^^^^
  File "/home/luther/medwema/env/lib/python3.12/site-packages/django/template/loader.py", line 15, in get_template
    return engine.get_template(template_name)
           ^^^^^^^^^^^^^^^^^^^^^^^^^^^^^^^^^^
  File "/home/luther/medwema/env/lib/python3.12/site-packages/django/template/backends/django.py", line 79, in get_template
    return Template(self.engine.get_template(template_name), self)
                    ^^^^^^^^^^^^^^^^^^^^^^^^^^^^^^^^^^^^^^^
  File "/home/luther/medwema/env/lib/python3.12/site-packages/django/template/engine.py", line 186, in get_template
    template, origin = self.find_template(template_name)
                       ^^^^^^^^^^^^^^^^^^^^^^^^^^^^^^^^^
  File "/home/luther/medwema/env/lib/python3.12/site-packages/django/template/engine.py", line 159, in find_template
    template = loader.get_template(name, skip=skip)
               ^^^^^^^^^^^^^^^^^^^^^^^^^^^^^^^^^^^^
  File "/home/luther/medwema/env/lib/python3.12/site-packages/django/template/loaders/cached.py", line 57, in get_template
    template = super().get_template(template_name, skip)
               ^^^^^^^^^^^^^^^^^^^^^^^^^^^^^^^^^^^^^^^^^
  File "/home/luther/medwema/env/lib/python3.12/site-packages/django/template/loaders/base.py", line 28, in get_template
    return Template(
           ^^^^^^^^^
  File "/home/luther/medwema/env/lib/python3.12/site-packages/django/template/base.py", line 157, in __init__
    self.nodelist = self.compile_nodelist()
                    ^^^^^^^^^^^^^^^^^^^^^^^
  File "/home/luther/medwema/env/lib/python3.12/site-packages/django/template/base.py", line 199, in compile_nodelist
    nodelist = parser.parse()
               ^^^^^^^^^^^^^^
  File "/home/luther/medwema/env/lib/python3.12/site-packages/django/template/base.py", line 585, in parse
    raise self.error(token, e)
  File "/home/luther/medwema/env/lib/python3.12/site-packages/django/template/base.py", line 583, in parse
    compiled_result = compile_func(self, token)
                      ^^^^^^^^^^^^^^^^^^^^^^^^^
  File "/home/luther/medwema/env/lib/python3.12/site-packages/django/template/defaulttags.py", line 880, in do_for
    raise TemplateSyntaxError(
django.template.exceptions.TemplateSyntaxError: Template: /home/luther/medwema/home/templates/index.html, 'for' statements should use the format 'for x in y': for card in "Patients Today,Lab Results,Revenue,In Queue" | split:","
2026-05-22 09:52:04 [ERROR] django.channels.server: [35;1mHTTP GET / 500 [1.43, 127.0.0.1:37876][0m
2026-05-22 09:52:57 [ERROR] django.request: Internal Server Error: /
Traceback (most recent call last):
  File "/home/luther/medwema/env/lib/python3.12/site-packages/asgiref/sync.py", line 555, in thread_handler
    raise exc_info[1]
  File "/home/luther/medwema/env/lib/python3.12/site-packages/django/core/handlers/exception.py", line 42, in inner
    response = await get_response(request)
               ^^^^^^^^^^^^^^^^^^^^^^^^^^^
  File "/home/luther/medwema/env/lib/python3.12/site-packages/asgiref/sync.py", line 555, in thread_handler
    raise exc_info[1]
  File "/home/luther/medwema/env/lib/python3.12/site-packages/django/core/handlers/base.py", line 254, in _get_response_async
    response = await wrapped_callback(
               ^^^^^^^^^^^^^^^^^^^^^^^
  File "/home/luther/medwema/env/lib/python3.12/site-packages/asgiref/sync.py", line 504, in __call__
    ret = await asyncio.shield(exec_coro)
          ^^^^^^^^^^^^^^^^^^^^^^^^^^^^^^^
  File "/usr/lib/python3.12/concurrent/futures/thread.py", line 58, in run
    result = self.fn(*self.args, **self.kwargs)
             ^^^^^^^^^^^^^^^^^^^^^^^^^^^^^^^^^^
  File "/home/luther/medwema/env/lib/python3.12/site-packages/asgiref/sync.py", line 559, in thread_handler
    return func(*args, **kwargs)
           ^^^^^^^^^^^^^^^^^^^^^
  File "/home/luther/medwema/home/views.py", line 24, in index
    return render(request, "index.html", {
           ^^^^^^^^^^^^^^^^^^^^^^^^^^^^^^^
  File "/home/luther/medwema/env/lib/python3.12/site-packages/django/shortcuts.py", line 25, in render
    content = loader.render_to_string(template_name, context, request, using=using)
              ^^^^^^^^^^^^^^^^^^^^^^^^^^^^^^^^^^^^^^^^^^^^^^^^^^^^^^^^^^^^^^^^^^^^^
  File "/home/luther/medwema/env/lib/python3.12/site-packages/django/template/loader.py", line 61, in render_to_string
    template = get_template(template_name, using=using)
               ^^^^^^^^^^^^^^^^^^^^^^^^^^^^^^^^^^^^^^^^
  File "/home/luther/medwema/env/lib/python3.12/site-packages/django/template/loader.py", line 15, in get_template
    return engine.get_template(template_name)
           ^^^^^^^^^^^^^^^^^^^^^^^^^^^^^^^^^^
  File "/home/luther/medwema/env/lib/python3.12/site-packages/django/template/backends/django.py", line 79, in get_template
    return Template(self.engine.get_template(template_name), self)
                    ^^^^^^^^^^^^^^^^^^^^^^^^^^^^^^^^^^^^^^^
  File "/home/luther/medwema/env/lib/python3.12/site-packages/django/template/engine.py", line 186, in get_template
    template, origin = self.find_template(template_name)
                       ^^^^^^^^^^^^^^^^^^^^^^^^^^^^^^^^^
  File "/home/luther/medwema/env/lib/python3.12/site-packages/django/template/engine.py", line 159, in find_template
    template = loader.get_template(name, skip=skip)
               ^^^^^^^^^^^^^^^^^^^^^^^^^^^^^^^^^^^^
  File "/home/luther/medwema/env/lib/python3.12/site-packages/django/template/loaders/cached.py", line 57, in get_template
    template = super().get_template(template_name, skip)
               ^^^^^^^^^^^^^^^^^^^^^^^^^^^^^^^^^^^^^^^^^
  File "/home/luther/medwema/env/lib/python3.12/site-packages/django/template/loaders/base.py", line 28, in get_template
    return Template(
           ^^^^^^^^^
  File "/home/luther/medwema/env/lib/python3.12/site-packages/django/template/base.py", line 157, in __init__
    self.nodelist = self.compile_nodelist()
                    ^^^^^^^^^^^^^^^^^^^^^^^
  File "/home/luther/medwema/env/lib/python3.12/site-packages/django/template/base.py", line 199, in compile_nodelist
    nodelist = parser.parse()
               ^^^^^^^^^^^^^^
  File "/home/luther/medwema/env/lib/python3.12/site-packages/django/template/base.py", line 585, in parse
    raise self.error(token, e)
  File "/home/luther/medwema/env/lib/python3.12/site-packages/django/template/base.py", line 583, in parse
    compiled_result = compile_func(self, token)
                      ^^^^^^^^^^^^^^^^^^^^^^^^^
  File "/home/luther/medwema/env/lib/python3.12/site-packages/django/template/defaulttags.py", line 880, in do_for
    raise TemplateSyntaxError(
django.template.exceptions.TemplateSyntaxError: Template: /home/luther/medwema/home/templates/index.html, 'for' statements should use the format 'for x in y': for card in cards | split:","
2026-05-22 09:52:57 [ERROR] django.channels.server: [35;1mHTTP GET / 500 [1.39, 127.0.0.1:37876][0m
2026-05-22 09:57:26 [ERROR] django.request: Internal Server Error: /admin/patient/consultation/
Traceback (most recent call last):
  File "/home/luther/medwema/env/lib/python3.12/site-packages/django/db/models/options.py", line 684, in get_field
    return self.fields_map[field_name]
           ~~~~~~~~~~~~~~~^^^^^^^^^^^^
KeyError: 'clinic_name'

During handling of the above exception, another exception occurred:

Traceback (most recent call last):
  File "/home/luther/medwema/env/lib/python3.12/site-packages/django/contrib/admin/utils.py", line 293, in lookup_field
    f = _get_non_gfk_field(opts, name)
        ^^^^^^^^^^^^^^^^^^^^^^^^^^^^^^
  File "/home/luther/medwema/env/lib/python3.12/site-packages/django/contrib/admin/utils.py", line 333, in _get_non_gfk_field
    field = opts.get_field(name)
            ^^^^^^^^^^^^^^^^^^^^
  File "/home/luther/medwema/env/lib/python3.12/site-packages/django/db/models/options.py", line 686, in get_field
    raise FieldDoesNotExist(
django.core.exceptions.FieldDoesNotExist: Consultation has no field named 'clinic_name'

During handling of the above exception, another exception occurred:

Traceback (most recent call last):
  File "/home/luther/medwema/env/lib/python3.12/site-packages/asgiref/sync.py", line 555, in thread_handler
    raise exc_info[1]
  File "/home/luther/medwema/env/lib/python3.12/site-packages/django/core/handlers/exception.py", line 42, in inner
    response = await get_response(request)
               ^^^^^^^^^^^^^^^^^^^^^^^^^^^
  File "/home/luther/medwema/env/lib/python3.12/site-packages/asgiref/sync.py", line 555, in thread_handler
    raise exc_info[1]
  File "/home/luther/medwema/env/lib/python3.12/site-packages/django/core/handlers/base.py", line 285, in _get_response_async
    response = await sync_to_async(
               ^^^^^^^^^^^^^^^^^^^^
  File "/home/luther/medwema/env/lib/python3.12/site-packages/asgiref/sync.py", line 504, in __call__
    ret = await asyncio.shield(exec_coro)
          ^^^^^^^^^^^^^^^^^^^^^^^^^^^^^^^
  File "/usr/lib/python3.12/concurrent/futures/thread.py", line 58, in run
    result = self.fn(*self.args, **self.kwargs)
             ^^^^^^^^^^^^^^^^^^^^^^^^^^^^^^^^^^
  File "/home/luther/medwema/env/lib/python3.12/site-packages/asgiref/sync.py", line 559, in thread_handler
    return func(*args, **kwargs)
           ^^^^^^^^^^^^^^^^^^^^^
  File "/home/luther/medwema/env/lib/python3.12/site-packages/django/template/response.py", line 114, in render
    self.content = self.rendered_content
                   ^^^^^^^^^^^^^^^^^^^^^
  File "/home/luther/medwema/env/lib/python3.12/site-packages/django/template/response.py", line 92, in rendered_content
    return template.render(context, self._request)
           ^^^^^^^^^^^^^^^^^^^^^^^^^^^^^^^^^^^^^^^
  File "/home/luther/medwema/env/lib/python3.12/site-packages/django/template/backends/django.py", line 107, in render
    return self.template.render(context)
           ^^^^^^^^^^^^^^^^^^^^^^^^^^^^^
  File "/home/luther/medwema/env/lib/python3.12/site-packages/django/template/base.py", line 174, in render
    return self._render(context)
           ^^^^^^^^^^^^^^^^^^^^^
  File "/home/luther/medwema/env/lib/python3.12/site-packages/django/template/base.py", line 166, in _render
    return self.nodelist.render(context)
           ^^^^^^^^^^^^^^^^^^^^^^^^^^^^^
  File "/home/luther/medwema/env/lib/python3.12/site-packages/django/template/base.py", line 1091, in render
    return SafeString("".join([node.render_annotated(context) for node in self]))
                               ^^^^^^^^^^^^^^^^^^^^^^^^^^^^^^
  File "/home/luther/medwema/env/lib/python3.12/site-packages/django/template/base.py", line 1052, in render_annotated
    return self.render(context)
           ^^^^^^^^^^^^^^^^^^^^
  File "/home/luther/medwema/env/lib/python3.12/site-packages/django/template/loader_tags.py", line 160, in render
    return compiled_parent._render(context)
           ^^^^^^^^^^^^^^^^^^^^^^^^^^^^^^^^
  File "/home/luther/medwema/env/lib/python3.12/site-packages/django/template/base.py", line 166, in _render
    return self.nodelist.render(context)
           ^^^^^^^^^^^^^^^^^^^^^^^^^^^^^
  File "/home/luther/medwema/env/lib/python3.12/site-packages/django/template/base.py", line 1091, in render
    return SafeString("".join([node.render_annotated(context) for node in self]))
                               ^^^^^^^^^^^^^^^^^^^^^^^^^^^^^^
  File "/home/luther/medwema/env/lib/python3.12/site-packages/django/template/base.py", line 1052, in render_annotated
    return self.render(context)
           ^^^^^^^^^^^^^^^^^^^^
  File "/home/luther/medwema/env/lib/python3.12/site-packages/django/template/loader_tags.py", line 160, in render
    return compiled_parent._render(context)
           ^^^^^^^^^^^^^^^^^^^^^^^^^^^^^^^^
  File "/home/luther/medwema/env/lib/python3.12/site-packages/django/template/base.py", line 166, in _render
    return self.nodelist.render(context)
           ^^^^^^^^^^^^^^^^^^^^^^^^^^^^^
  File "/home/luther/medwema/env/lib/python3.12/site-packages/django/template/base.py", line 1091, in render
    return SafeString("".join([node.render_annotated(context) for node in self]))
                               ^^^^^^^^^^^^^^^^^^^^^^^^^^^^^^
  File "/home/luther/medwema/env/lib/python3.12/site-packages/django/template/base.py", line 1052, in render_annotated
    return self.render(context)
           ^^^^^^^^^^^^^^^^^^^^
  File "/home/luther/medwema/env/lib/python3.12/site-packages/django/template/loader_tags.py", line 66, in render
    result = block.nodelist.render(context)
             ^^^^^^^^^^^^^^^^^^^^^^^^^^^^^^
  File "/home/luther/medwema/env/lib/python3.12/site-packages/django/template/base.py", line 1091, in render
    return SafeString("".join([node.render_annotated(context) for node in self]))
                               ^^^^^^^^^^^^^^^^^^^^^^^^^^^^^^
  File "/home/luther/medwema/env/lib/python3.12/site-packages/django/template/base.py", line 1052, in render_annotated
    return self.render(context)
           ^^^^^^^^^^^^^^^^^^^^
  File "/home/luther/medwema/env/lib/python3.12/site-packages/django/template/loader_tags.py", line 66, in render
    result = block.nodelist.render(context)
             ^^^^^^^^^^^^^^^^^^^^^^^^^^^^^^
  File "/home/luther/medwema/env/lib/python3.12/site-packages/django/template/base.py", line 1091, in render
    return SafeString("".join([node.render_annotated(context) for node in self]))
                               ^^^^^^^^^^^^^^^^^^^^^^^^^^^^^^
  File "/home/luther/medwema/env/lib/python3.12/site-packages/django/template/base.py", line 1052, in render_annotated
    return self.render(context)
           ^^^^^^^^^^^^^^^^^^^^
  File "/home/luther/medwema/env/lib/python3.12/site-packages/django/template/loader_tags.py", line 66, in render
    result = block.nodelist.render(context)
             ^^^^^^^^^^^^^^^^^^^^^^^^^^^^^^
  File "/home/luther/medwema/env/lib/python3.12/site-packages/django/template/base.py", line 1091, in render
    return SafeString("".join([node.render_annotated(context) for node in self]))
                               ^^^^^^^^^^^^^^^^^^^^^^^^^^^^^^
  File "/home/luther/medwema/env/lib/python3.12/site-packages/django/template/base.py", line 1052, in render_annotated
    return self.render(context)
           ^^^^^^^^^^^^^^^^^^^^
  File "/home/luther/medwema/env/lib/python3.12/site-packages/django/contrib/admin/templatetags/base.py", line 47, in render
    return super().render(context)
           ^^^^^^^^^^^^^^^^^^^^^^^
  File "/home/luther/medwema/env/lib/python3.12/site-packages/django/template/library.py", line 363, in render
    _dict = self.func(*resolved_args, **resolved_kwargs)
            ^^^^^^^^^^^^^^^^^^^^^^^^^^^^^^^^^^^^^^^^^^^^
  File "/home/luther/medwema/env/lib/python3.12/site-packages/django/contrib/admin/templatetags/admin_list.py", line 357, in result_list
    "results": list(results(cl)),
               ^^^^^^^^^^^^^^^^^
  File "/home/luther/medwema/env/lib/python3.12/site-packages/django/contrib/admin/templatetags/admin_list.py", line 333, in results
    yield ResultList(None, items_for_result(cl, res, None))
          ^^^^^^^^^^^^^^^^^^^^^^^^^^^^^^^^^^^^^^^^^^^^^^^^^
  File "/home/luther/medwema/env/lib/python3.12/site-packages/django/contrib/admin/templatetags/admin_list.py", line 324, in __init__
    super().__init__(*items)
  File "/home/luther/medwema/env/lib/python3.12/site-packages/django/contrib/admin/templatetags/admin_list.py", line 221, in items_for_result
    f, attr, value = lookup_field(field_name, result, cl.model_admin)
                     ^^^^^^^^^^^^^^^^^^^^^^^^^^^^^^^^^^^^^^^^^^^^^^^^
  File "/home/luther/medwema/env/lib/python3.12/site-packages/django/contrib/admin/utils.py", line 302, in lookup_field
    value = attr(obj)
            ^^^^^^^^^
  File "/home/luther/medwema/patient/admin.py", line 74, in clinic_name
    return obj.clinic.name if obj.clinic else "-"
                              ^^^^^^^^^^
AttributeError: 'Consultation' object has no attribute 'clinic'
2026-05-22 09:57:26 [ERROR] django.channels.server: [35;1mHTTP GET /admin/patient/consultation/ 500 [8.87, 127.0.0.1:54262][0m
2026-05-22 09:58:22 [ERROR] django.request: Internal Server Error: /admin/patient/consultation/
Traceback (most recent call last):
  File "/home/luther/medwema/env/lib/python3.12/site-packages/django/db/models/options.py", line 684, in get_field
    return self.fields_map[field_name]
           ~~~~~~~~~~~~~~~^^^^^^^^^^^^
KeyError: 'clinic_name'

During handling of the above exception, another exception occurred:

Traceback (most recent call last):
  File "/home/luther/medwema/env/lib/python3.12/site-packages/django/contrib/admin/utils.py", line 293, in lookup_field
    f = _get_non_gfk_field(opts, name)
        ^^^^^^^^^^^^^^^^^^^^^^^^^^^^^^
  File "/home/luther/medwema/env/lib/python3.12/site-packages/django/contrib/admin/utils.py", line 333, in _get_non_gfk_field
    field = opts.get_field(name)
            ^^^^^^^^^^^^^^^^^^^^
  File "/home/luther/medwema/env/lib/python3.12/site-packages/django/db/models/options.py", line 686, in get_field
    raise FieldDoesNotExist(
django.core.exceptions.FieldDoesNotExist: Consultation has no field named 'clinic_name'

During handling of the above exception, another exception occurred:

Traceback (most recent call last):
  File "/home/luther/medwema/env/lib/python3.12/site-packages/asgiref/sync.py", line 555, in thread_handler
    raise exc_info[1]
  File "/home/luther/medwema/env/lib/python3.12/site-packages/django/core/handlers/exception.py", line 42, in inner
    response = await get_response(request)
               ^^^^^^^^^^^^^^^^^^^^^^^^^^^
  File "/home/luther/medwema/env/lib/python3.12/site-packages/asgiref/sync.py", line 555, in thread_handler
    raise exc_info[1]
  File "/home/luther/medwema/env/lib/python3.12/site-packages/django/core/handlers/base.py", line 285, in _get_response_async
    response = await sync_to_async(
               ^^^^^^^^^^^^^^^^^^^^
  File "/home/luther/medwema/env/lib/python3.12/site-packages/asgiref/sync.py", line 504, in __call__
    ret = await asyncio.shield(exec_coro)
          ^^^^^^^^^^^^^^^^^^^^^^^^^^^^^^^
  File "/usr/lib/python3.12/concurrent/futures/thread.py", line 58, in run
    result = self.fn(*self.args, **self.kwargs)
             ^^^^^^^^^^^^^^^^^^^^^^^^^^^^^^^^^^
  File "/home/luther/medwema/env/lib/python3.12/site-packages/asgiref/sync.py", line 559, in thread_handler
    return func(*args, **kwargs)
           ^^^^^^^^^^^^^^^^^^^^^
  File "/home/luther/medwema/env/lib/python3.12/site-packages/django/template/response.py", line 114, in render
    self.content = self.rendered_content
                   ^^^^^^^^^^^^^^^^^^^^^
  File "/home/luther/medwema/env/lib/python3.12/site-packages/django/template/response.py", line 92, in rendered_content
    return template.render(context, self._request)
           ^^^^^^^^^^^^^^^^^^^^^^^^^^^^^^^^^^^^^^^
  File "/home/luther/medwema/env/lib/python3.12/site-packages/django/template/backends/django.py", line 107, in render
    return self.template.render(context)
           ^^^^^^^^^^^^^^^^^^^^^^^^^^^^^
  File "/home/luther/medwema/env/lib/python3.12/site-packages/django/template/base.py", line 174, in render
    return self._render(context)
           ^^^^^^^^^^^^^^^^^^^^^
  File "/home/luther/medwema/env/lib/python3.12/site-packages/django/template/base.py", line 166, in _render
    return self.nodelist.render(context)
           ^^^^^^^^^^^^^^^^^^^^^^^^^^^^^
  File "/home/luther/medwema/env/lib/python3.12/site-packages/django/template/base.py", line 1091, in render
    return SafeString("".join([node.render_annotated(context) for node in self]))
                               ^^^^^^^^^^^^^^^^^^^^^^^^^^^^^^
  File "/home/luther/medwema/env/lib/python3.12/site-packages/django/template/base.py", line 1052, in render_annotated
    return self.render(context)
           ^^^^^^^^^^^^^^^^^^^^
  File "/home/luther/medwema/env/lib/python3.12/site-packages/django/template/loader_tags.py", line 160, in render
    return compiled_parent._render(context)
           ^^^^^^^^^^^^^^^^^^^^^^^^^^^^^^^^
  File "/home/luther/medwema/env/lib/python3.12/site-packages/django/template/base.py", line 166, in _render
    return self.nodelist.render(context)
           ^^^^^^^^^^^^^^^^^^^^^^^^^^^^^
  File "/home/luther/medwema/env/lib/python3.12/site-packages/django/template/base.py", line 1091, in render
    return SafeString("".join([node.render_annotated(context) for node in self]))
                               ^^^^^^^^^^^^^^^^^^^^^^^^^^^^^^
  File "/home/luther/medwema/env/lib/python3.12/site-packages/django/template/base.py", line 1052, in render_annotated
    return self.render(context)
           ^^^^^^^^^^^^^^^^^^^^
  File "/home/luther/medwema/env/lib/python3.12/site-packages/django/template/loader_tags.py", line 160, in render
    return compiled_parent._render(context)
           ^^^^^^^^^^^^^^^^^^^^^^^^^^^^^^^^
  File "/home/luther/medwema/env/lib/python3.12/site-packages/django/template/base.py", line 166, in _render
    return self.nodelist.render(context)
           ^^^^^^^^^^^^^^^^^^^^^^^^^^^^^
  File "/home/luther/medwema/env/lib/python3.12/site-packages/django/template/base.py", line 1091, in render
    return SafeString("".join([node.render_annotated(context) for node in self]))
                               ^^^^^^^^^^^^^^^^^^^^^^^^^^^^^^
  File "/home/luther/medwema/env/lib/python3.12/site-packages/django/template/base.py", line 1052, in render_annotated
    return self.render(context)
           ^^^^^^^^^^^^^^^^^^^^
  File "/home/luther/medwema/env/lib/python3.12/site-packages/django/template/loader_tags.py", line 66, in render
    result = block.nodelist.render(context)
             ^^^^^^^^^^^^^^^^^^^^^^^^^^^^^^
  File "/home/luther/medwema/env/lib/python3.12/site-packages/django/template/base.py", line 1091, in render
    return SafeString("".join([node.render_annotated(context) for node in self]))
                               ^^^^^^^^^^^^^^^^^^^^^^^^^^^^^^
  File "/home/luther/medwema/env/lib/python3.12/site-packages/django/template/base.py", line 1052, in render_annotated
    return self.render(context)
           ^^^^^^^^^^^^^^^^^^^^
  File "/home/luther/medwema/env/lib/python3.12/site-packages/django/template/loader_tags.py", line 66, in render
    result = block.nodelist.render(context)
             ^^^^^^^^^^^^^^^^^^^^^^^^^^^^^^
  File "/home/luther/medwema/env/lib/python3.12/site-packages/django/template/base.py", line 1091, in render
    return SafeString("".join([node.render_annotated(context) for node in self]))
                               ^^^^^^^^^^^^^^^^^^^^^^^^^^^^^^
  File "/home/luther/medwema/env/lib/python3.12/site-packages/django/template/base.py", line 1052, in render_annotated
    return self.render(context)
           ^^^^^^^^^^^^^^^^^^^^
  File "/home/luther/medwema/env/lib/python3.12/site-packages/django/template/loader_tags.py", line 66, in render
    result = block.nodelist.render(context)
             ^^^^^^^^^^^^^^^^^^^^^^^^^^^^^^
  File "/home/luther/medwema/env/lib/python3.12/site-packages/django/template/base.py", line 1091, in render
    return SafeString("".join([node.render_annotated(context) for node in self]))
                               ^^^^^^^^^^^^^^^^^^^^^^^^^^^^^^
  File "/home/luther/medwema/env/lib/python3.12/site-packages/django/template/base.py", line 1052, in render_annotated
    return self.render(context)
           ^^^^^^^^^^^^^^^^^^^^
  File "/home/luther/medwema/env/lib/python3.12/site-packages/django/contrib/admin/templatetags/base.py", line 47, in render
    return super().render(context)
           ^^^^^^^^^^^^^^^^^^^^^^^
  File "/home/luther/medwema/env/lib/python3.12/site-packages/django/template/library.py", line 363, in render
    _dict = self.func(*resolved_args, **resolved_kwargs)
            ^^^^^^^^^^^^^^^^^^^^^^^^^^^^^^^^^^^^^^^^^^^^
  File "/home/luther/medwema/env/lib/python3.12/site-packages/django/contrib/admin/templatetags/admin_list.py", line 357, in result_list
    "results": list(results(cl)),
               ^^^^^^^^^^^^^^^^^
  File "/home/luther/medwema/env/lib/python3.12/site-packages/django/contrib/admin/templatetags/admin_list.py", line 333, in results
    yield ResultList(None, items_for_result(cl, res, None))
          ^^^^^^^^^^^^^^^^^^^^^^^^^^^^^^^^^^^^^^^^^^^^^^^^^
  File "/home/luther/medwema/env/lib/python3.12/site-packages/django/contrib/admin/templatetags/admin_list.py", line 324, in __init__
    super().__init__(*items)
  File "/home/luther/medwema/env/lib/python3.12/site-packages/django/contrib/admin/templatetags/admin_list.py", line 221, in items_for_result
    f, attr, value = lookup_field(field_name, result, cl.model_admin)
                     ^^^^^^^^^^^^^^^^^^^^^^^^^^^^^^^^^^^^^^^^^^^^^^^^
  File "/home/luther/medwema/env/lib/python3.12/site-packages/django/contrib/admin/utils.py", line 302, in lookup_field
    value = attr(obj)
            ^^^^^^^^^
  File "/home/luther/medwema/patient/admin.py", line 73, in clinic_name
    return obj.clinic.name if obj.clinic else "-"
                              ^^^^^^^^^^
AttributeError: 'Consultation' object has no attribute 'clinic'
2026-05-22 09:58:22 [ERROR] django.channels.server: [35;1mHTTP GET /admin/patient/consultation/ 500 [12.11, 127.0.0.1:57856][0m
2026-05-22 10:00:02 [ERROR] django.request: Internal Server Error: /admin/home/subscriber/
Traceback (most recent call last):
  File "/home/luther/medwema/env/lib/python3.12/site-packages/django/db/models/options.py", line 684, in get_field
    return self.fields_map[field_name]
           ~~~~~~~~~~~~~~~^^^^^^^^^^^^
KeyError: 'status_badge'

During handling of the above exception, another exception occurred:

Traceback (most recent call last):
  File "/home/luther/medwema/env/lib/python3.12/site-packages/django/contrib/admin/utils.py", line 293, in lookup_field
    f = _get_non_gfk_field(opts, name)
        ^^^^^^^^^^^^^^^^^^^^^^^^^^^^^^
  File "/home/luther/medwema/env/lib/python3.12/site-packages/django/contrib/admin/utils.py", line 333, in _get_non_gfk_field
    field = opts.get_field(name)
            ^^^^^^^^^^^^^^^^^^^^
  File "/home/luther/medwema/env/lib/python3.12/site-packages/django/db/models/options.py", line 686, in get_field
    raise FieldDoesNotExist(
django.core.exceptions.FieldDoesNotExist: Subscriber has no field named 'status_badge'

During handling of the above exception, another exception occurred:

Traceback (most recent call last):
  File "/home/luther/medwema/env/lib/python3.12/site-packages/asgiref/sync.py", line 555, in thread_handler
    raise exc_info[1]
  File "/home/luther/medwema/env/lib/python3.12/site-packages/django/core/handlers/exception.py", line 42, in inner
    response = await get_response(request)
               ^^^^^^^^^^^^^^^^^^^^^^^^^^^
  File "/home/luther/medwema/env/lib/python3.12/site-packages/asgiref/sync.py", line 555, in thread_handler
    raise exc_info[1]
  File "/home/luther/medwema/env/lib/python3.12/site-packages/django/core/handlers/base.py", line 285, in _get_response_async
    response = await sync_to_async(
               ^^^^^^^^^^^^^^^^^^^^
  File "/home/luther/medwema/env/lib/python3.12/site-packages/asgiref/sync.py", line 504, in __call__
    ret = await asyncio.shield(exec_coro)
          ^^^^^^^^^^^^^^^^^^^^^^^^^^^^^^^
  File "/usr/lib/python3.12/concurrent/futures/thread.py", line 58, in run
    result = self.fn(*self.args, **self.kwargs)
             ^^^^^^^^^^^^^^^^^^^^^^^^^^^^^^^^^^
  File "/home/luther/medwema/env/lib/python3.12/site-packages/asgiref/sync.py", line 559, in thread_handler
    return func(*args, **kwargs)
           ^^^^^^^^^^^^^^^^^^^^^
  File "/home/luther/medwema/env/lib/python3.12/site-packages/django/template/response.py", line 114, in render
    self.content = self.rendered_content
                   ^^^^^^^^^^^^^^^^^^^^^
  File "/home/luther/medwema/env/lib/python3.12/site-packages/django/template/response.py", line 92, in rendered_content
    return template.render(context, self._request)
           ^^^^^^^^^^^^^^^^^^^^^^^^^^^^^^^^^^^^^^^
  File "/home/luther/medwema/env/lib/python3.12/site-packages/django/template/backends/django.py", line 107, in render
    return self.template.render(context)
           ^^^^^^^^^^^^^^^^^^^^^^^^^^^^^
  File "/home/luther/medwema/env/lib/python3.12/site-packages/django/template/base.py", line 174, in render
    return self._render(context)
           ^^^^^^^^^^^^^^^^^^^^^
  File "/home/luther/medwema/env/lib/python3.12/site-packages/django/template/base.py", line 166, in _render
    return self.nodelist.render(context)
           ^^^^^^^^^^^^^^^^^^^^^^^^^^^^^
  File "/home/luther/medwema/env/lib/python3.12/site-packages/django/template/base.py", line 1091, in render
    return SafeString("".join([node.render_annotated(context) for node in self]))
                               ^^^^^^^^^^^^^^^^^^^^^^^^^^^^^^
  File "/home/luther/medwema/env/lib/python3.12/site-packages/django/template/base.py", line 1052, in render_annotated
    return self.render(context)
           ^^^^^^^^^^^^^^^^^^^^
  File "/home/luther/medwema/env/lib/python3.12/site-packages/django/template/loader_tags.py", line 160, in render
    return compiled_parent._render(context)
           ^^^^^^^^^^^^^^^^^^^^^^^^^^^^^^^^
  File "/home/luther/medwema/env/lib/python3.12/site-packages/django/template/base.py", line 166, in _render
    return self.nodelist.render(context)
           ^^^^^^^^^^^^^^^^^^^^^^^^^^^^^
  File "/home/luther/medwema/env/lib/python3.12/site-packages/django/template/base.py", line 1091, in render
    return SafeString("".join([node.render_annotated(context) for node in self]))
                               ^^^^^^^^^^^^^^^^^^^^^^^^^^^^^^
  File "/home/luther/medwema/env/lib/python3.12/site-packages/django/template/base.py", line 1052, in render_annotated
    return self.render(context)
           ^^^^^^^^^^^^^^^^^^^^
  File "/home/luther/medwema/env/lib/python3.12/site-packages/django/template/loader_tags.py", line 160, in render
    return compiled_parent._render(context)
           ^^^^^^^^^^^^^^^^^^^^^^^^^^^^^^^^
  File "/home/luther/medwema/env/lib/python3.12/site-packages/django/template/base.py", line 166, in _render
    return self.nodelist.render(context)
           ^^^^^^^^^^^^^^^^^^^^^^^^^^^^^
  File "/home/luther/medwema/env/lib/python3.12/site-packages/django/template/base.py", line 1091, in render
    return SafeString("".join([node.render_annotated(context) for node in self]))
                               ^^^^^^^^^^^^^^^^^^^^^^^^^^^^^^
  File "/home/luther/medwema/env/lib/python3.12/site-packages/django/template/base.py", line 1052, in render_annotated
    return self.render(context)
           ^^^^^^^^^^^^^^^^^^^^
  File "/home/luther/medwema/env/lib/python3.12/site-packages/django/template/loader_tags.py", line 66, in render
    result = block.nodelist.render(context)
             ^^^^^^^^^^^^^^^^^^^^^^^^^^^^^^
  File "/home/luther/medwema/env/lib/python3.12/site-packages/django/template/base.py", line 1091, in render
    return SafeString("".join([node.render_annotated(context) for node in self]))
                               ^^^^^^^^^^^^^^^^^^^^^^^^^^^^^^
  File "/home/luther/medwema/env/lib/python3.12/site-packages/django/template/base.py", line 1052, in render_annotated
    return self.render(context)
           ^^^^^^^^^^^^^^^^^^^^
  File "/home/luther/medwema/env/lib/python3.12/site-packages/django/template/loader_tags.py", line 66, in render
    result = block.nodelist.render(context)
             ^^^^^^^^^^^^^^^^^^^^^^^^^^^^^^
  File "/home/luther/medwema/env/lib/python3.12/site-packages/django/template/base.py", line 1091, in render
    return SafeString("".join([node.render_annotated(context) for node in self]))
                               ^^^^^^^^^^^^^^^^^^^^^^^^^^^^^^
  File "/home/luther/medwema/env/lib/python3.12/site-packages/django/template/base.py", line 1052, in render_annotated
    return self.render(context)
           ^^^^^^^^^^^^^^^^^^^^
  File "/home/luther/medwema/env/lib/python3.12/site-packages/django/template/loader_tags.py", line 66, in render
    result = block.nodelist.render(context)
             ^^^^^^^^^^^^^^^^^^^^^^^^^^^^^^
  File "/home/luther/medwema/env/lib/python3.12/site-packages/django/template/base.py", line 1091, in render
    return SafeString("".join([node.render_annotated(context) for node in self]))
                               ^^^^^^^^^^^^^^^^^^^^^^^^^^^^^^
  File "/home/luther/medwema/env/lib/python3.12/site-packages/django/template/base.py", line 1052, in render_annotated
    return self.render(context)
           ^^^^^^^^^^^^^^^^^^^^
  File "/home/luther/medwema/env/lib/python3.12/site-packages/django/contrib/admin/templatetags/base.py", line 47, in render
    return super().render(context)
           ^^^^^^^^^^^^^^^^^^^^^^^
  File "/home/luther/medwema/env/lib/python3.12/site-packages/django/template/library.py", line 363, in render
    _dict = self.func(*resolved_args, **resolved_kwargs)
            ^^^^^^^^^^^^^^^^^^^^^^^^^^^^^^^^^^^^^^^^^^^^
  File "/home/luther/medwema/env/lib/python3.12/site-packages/django/contrib/admin/templatetags/admin_list.py", line 357, in result_list
    "results": list(results(cl)),
               ^^^^^^^^^^^^^^^^^
  File "/home/luther/medwema/env/lib/python3.12/site-packages/django/contrib/admin/templatetags/admin_list.py", line 330, in results
    yield ResultList(form, items_for_result(cl, res, form))
          ^^^^^^^^^^^^^^^^^^^^^^^^^^^^^^^^^^^^^^^^^^^^^^^^^
  File "/home/luther/medwema/env/lib/python3.12/site-packages/django/contrib/admin/templatetags/admin_list.py", line 324, in __init__
    super().__init__(*items)
  File "/home/luther/medwema/env/lib/python3.12/site-packages/django/contrib/admin/templatetags/admin_list.py", line 221, in items_for_result
    f, attr, value = lookup_field(field_name, result, cl.model_admin)
                     ^^^^^^^^^^^^^^^^^^^^^^^^^^^^^^^^^^^^^^^^^^^^^^^^
  File "/home/luther/medwema/env/lib/python3.12/site-packages/django/contrib/admin/utils.py", line 302, in lookup_field
    value = attr(obj)
            ^^^^^^^^^
  File "/home/luther/medwema/home/admin.py", line 60, in status_badge
    return format_html('<span style="color:#16a34a;font-weight:600;">● Active</span>')
           ^^^^^^^^^^^^^^^^^^^^^^^^^^^^^^^^^^^^^^^^^^^^^^^^^^^^^^^^^^^^^^^^^^^^^^^^^^^
  File "/home/luther/medwema/env/lib/python3.12/site-packages/django/utils/html.py", line 137, in format_html
    raise TypeError("args or kwargs must be provided.")
TypeError: args or kwargs must be provided.
2026-05-22 10:00:02 [ERROR] django.channels.server: [35;1mHTTP GET /admin/home/subscriber/ 500 [12.03, 127.0.0.1:35076][0m
2026-05-22 10:03:03 [ERROR] django.request: Internal Server Error: /admin/home/subscriber/
Traceback (most recent call last):
  File "/home/luther/medwema/env/lib/python3.12/site-packages/django/db/models/options.py", line 684, in get_field
    return self.fields_map[field_name]
           ~~~~~~~~~~~~~~~^^^^^^^^^^^^
KeyError: 'status_badge'

During handling of the above exception, another exception occurred:

Traceback (most recent call last):
  File "/home/luther/medwema/env/lib/python3.12/site-packages/django/contrib/admin/utils.py", line 293, in lookup_field
    f = _get_non_gfk_field(opts, name)
        ^^^^^^^^^^^^^^^^^^^^^^^^^^^^^^
  File "/home/luther/medwema/env/lib/python3.12/site-packages/django/contrib/admin/utils.py", line 333, in _get_non_gfk_field
    field = opts.get_field(name)
            ^^^^^^^^^^^^^^^^^^^^
  File "/home/luther/medwema/env/lib/python3.12/site-packages/django/db/models/options.py", line 686, in get_field
    raise FieldDoesNotExist(
django.core.exceptions.FieldDoesNotExist: Subscriber has no field named 'status_badge'

During handling of the above exception, another exception occurred:

Traceback (most recent call last):
  File "/home/luther/medwema/env/lib/python3.12/site-packages/asgiref/sync.py", line 555, in thread_handler
    raise exc_info[1]
  File "/home/luther/medwema/env/lib/python3.12/site-packages/django/core/handlers/exception.py", line 42, in inner
    response = await get_response(request)
               ^^^^^^^^^^^^^^^^^^^^^^^^^^^
  File "/home/luther/medwema/env/lib/python3.12/site-packages/asgiref/sync.py", line 555, in thread_handler
    raise exc_info[1]
  File "/home/luther/medwema/env/lib/python3.12/site-packages/django/core/handlers/base.py", line 285, in _get_response_async
    response = await sync_to_async(
               ^^^^^^^^^^^^^^^^^^^^
  File "/home/luther/medwema/env/lib/python3.12/site-packages/asgiref/sync.py", line 504, in __call__
    ret = await asyncio.shield(exec_coro)
          ^^^^^^^^^^^^^^^^^^^^^^^^^^^^^^^
  File "/usr/lib/python3.12/concurrent/futures/thread.py", line 58, in run
    result = self.fn(*self.args, **self.kwargs)
             ^^^^^^^^^^^^^^^^^^^^^^^^^^^^^^^^^^
  File "/home/luther/medwema/env/lib/python3.12/site-packages/asgiref/sync.py", line 559, in thread_handler
    return func(*args, **kwargs)
           ^^^^^^^^^^^^^^^^^^^^^
  File "/home/luther/medwema/env/lib/python3.12/site-packages/django/template/response.py", line 114, in render
    self.content = self.rendered_content
                   ^^^^^^^^^^^^^^^^^^^^^
  File "/home/luther/medwema/env/lib/python3.12/site-packages/django/template/response.py", line 92, in rendered_content
    return template.render(context, self._request)
           ^^^^^^^^^^^^^^^^^^^^^^^^^^^^^^^^^^^^^^^
  File "/home/luther/medwema/env/lib/python3.12/site-packages/django/template/backends/django.py", line 107, in render
    return self.template.render(context)
           ^^^^^^^^^^^^^^^^^^^^^^^^^^^^^
  File "/home/luther/medwema/env/lib/python3.12/site-packages/django/template/base.py", line 174, in render
    return self._render(context)
           ^^^^^^^^^^^^^^^^^^^^^
  File "/home/luther/medwema/env/lib/python3.12/site-packages/django/template/base.py", line 166, in _render
    return self.nodelist.render(context)
           ^^^^^^^^^^^^^^^^^^^^^^^^^^^^^
  File "/home/luther/medwema/env/lib/python3.12/site-packages/django/template/base.py", line 1091, in render
    return SafeString("".join([node.render_annotated(context) for node in self]))
                               ^^^^^^^^^^^^^^^^^^^^^^^^^^^^^^
  File "/home/luther/medwema/env/lib/python3.12/site-packages/django/template/base.py", line 1052, in render_annotated
    return self.render(context)
           ^^^^^^^^^^^^^^^^^^^^
  File "/home/luther/medwema/env/lib/python3.12/site-packages/django/template/loader_tags.py", line 160, in render
    return compiled_parent._render(context)
           ^^^^^^^^^^^^^^^^^^^^^^^^^^^^^^^^
  File "/home/luther/medwema/env/lib/python3.12/site-packages/django/template/base.py", line 166, in _render
    return self.nodelist.render(context)
           ^^^^^^^^^^^^^^^^^^^^^^^^^^^^^
  File "/home/luther/medwema/env/lib/python3.12/site-packages/django/template/base.py", line 1091, in render
    return SafeString("".join([node.render_annotated(context) for node in self]))
                               ^^^^^^^^^^^^^^^^^^^^^^^^^^^^^^
  File "/home/luther/medwema/env/lib/python3.12/site-packages/django/template/base.py", line 1052, in render_annotated
    return self.render(context)
           ^^^^^^^^^^^^^^^^^^^^
  File "/home/luther/medwema/env/lib/python3.12/site-packages/django/template/loader_tags.py", line 160, in render
    return compiled_parent._render(context)
           ^^^^^^^^^^^^^^^^^^^^^^^^^^^^^^^^
  File "/home/luther/medwema/env/lib/python3.12/site-packages/django/template/base.py", line 166, in _render
    return self.nodelist.render(context)
           ^^^^^^^^^^^^^^^^^^^^^^^^^^^^^
  File "/home/luther/medwema/env/lib/python3.12/site-packages/django/template/base.py", line 1091, in render
    return SafeString("".join([node.render_annotated(context) for node in self]))
                               ^^^^^^^^^^^^^^^^^^^^^^^^^^^^^^
  File "/home/luther/medwema/env/lib/python3.12/site-packages/django/template/base.py", line 1052, in render_annotated
    return self.render(context)
           ^^^^^^^^^^^^^^^^^^^^
  File "/home/luther/medwema/env/lib/python3.12/site-packages/django/template/loader_tags.py", line 66, in render
    result = block.nodelist.render(context)
             ^^^^^^^^^^^^^^^^^^^^^^^^^^^^^^
  File "/home/luther/medwema/env/lib/python3.12/site-packages/django/template/base.py", line 1091, in render
    return SafeString("".join([node.render_annotated(context) for node in self]))
                               ^^^^^^^^^^^^^^^^^^^^^^^^^^^^^^
  File "/home/luther/medwema/env/lib/python3.12/site-packages/django/template/base.py", line 1052, in render_annotated
    return self.render(context)
           ^^^^^^^^^^^^^^^^^^^^
  File "/home/luther/medwema/env/lib/python3.12/site-packages/django/template/loader_tags.py", line 66, in render
    result = block.nodelist.render(context)
             ^^^^^^^^^^^^^^^^^^^^^^^^^^^^^^
  File "/home/luther/medwema/env/lib/python3.12/site-packages/django/template/base.py", line 1091, in render
    return SafeString("".join([node.render_annotated(context) for node in self]))
                               ^^^^^^^^^^^^^^^^^^^^^^^^^^^^^^
  File "/home/luther/medwema/env/lib/python3.12/site-packages/django/template/base.py", line 1052, in render_annotated
    return self.render(context)
           ^^^^^^^^^^^^^^^^^^^^
  File "/home/luther/medwema/env/lib/python3.12/site-packages/django/template/loader_tags.py", line 66, in render
    result = block.nodelist.render(context)
             ^^^^^^^^^^^^^^^^^^^^^^^^^^^^^^
  File "/home/luther/medwema/env/lib/python3.12/site-packages/django/template/base.py", line 1091, in render
    return SafeString("".join([node.render_annotated(context) for node in self]))
                               ^^^^^^^^^^^^^^^^^^^^^^^^^^^^^^
  File "/home/luther/medwema/env/lib/python3.12/site-packages/django/template/base.py", line 1052, in render_annotated
    return self.render(context)
           ^^^^^^^^^^^^^^^^^^^^
  File "/home/luther/medwema/env/lib/python3.12/site-packages/django/contrib/admin/templatetags/base.py", line 47, in render
    return super().render(context)
           ^^^^^^^^^^^^^^^^^^^^^^^
  File "/home/luther/medwema/env/lib/python3.12/site-packages/django/template/library.py", line 363, in render
    _dict = self.func(*resolved_args, **resolved_kwargs)
            ^^^^^^^^^^^^^^^^^^^^^^^^^^^^^^^^^^^^^^^^^^^^
  File "/home/luther/medwema/env/lib/python3.12/site-packages/django/contrib/admin/templatetags/admin_list.py", line 357, in result_list
    "results": list(results(cl)),
               ^^^^^^^^^^^^^^^^^
  File "/home/luther/medwema/env/lib/python3.12/site-packages/django/contrib/admin/templatetags/admin_list.py", line 330, in results
    yield ResultList(form, items_for_result(cl, res, form))
          ^^^^^^^^^^^^^^^^^^^^^^^^^^^^^^^^^^^^^^^^^^^^^^^^^
  File "/home/luther/medwema/env/lib/python3.12/site-packages/django/contrib/admin/templatetags/admin_list.py", line 324, in __init__
    super().__init__(*items)
  File "/home/luther/medwema/env/lib/python3.12/site-packages/django/contrib/admin/templatetags/admin_list.py", line 221, in items_for_result
    f, attr, value = lookup_field(field_name, result, cl.model_admin)
                     ^^^^^^^^^^^^^^^^^^^^^^^^^^^^^^^^^^^^^^^^^^^^^^^^
  File "/home/luther/medwema/env/lib/python3.12/site-packages/django/contrib/admin/utils.py", line 302, in lookup_field
    value = attr(obj)
            ^^^^^^^^^
  File "/home/luther/medwema/home/admin.py", line 78, in status_badge
    return format_html('<span style="color:#16a34a;font-weight:600;">● Active</span>')
           ^^^^^^^^^^^^^^^^^^^^^^^^^^^^^^^^^^^^^^^^^^^^^^^^^^^^^^^^^^^^^^^^^^^^^^^^^^^
  File "/home/luther/medwema/env/lib/python3.12/site-packages/django/utils/html.py", line 137, in format_html
    raise TypeError("args or kwargs must be provided.")
TypeError: args or kwargs must be provided.
2026-05-22 10:03:03 [ERROR] django.channels.server: [35;1mHTTP GET /admin/home/subscriber/ 500 [9.44, 127.0.0.1:55794][0m
